seller_ID	beauty
0KrB1vPYoX	2.355028
0KrB4AdxOX	3.382442
0KrB87E0OX	3.3955445
0KrBGVGYRX	3.0644863
0KrBNaM9rX	2.567674
0KrBP8lkOX	2.6304033
0KrBb29xrX	2.7759705
0KrBdydOXa	4.3300214
0KrBeVJLoX	2.8401449
0KrBlJ3kOX	4.181377
0KrBn5jJrX	2.6803777
0KrBpKNQOX	4.4816685
0KrBqQLLoX	4.3160114
0KrBw2KQRX	3.5443318
0KrBx0xwOX	3.185309
14Og2LEYRE	3.8735504
14Og3En5OE	3.4427707
14OgBjkLRE	3.604723
14OgE8MYrE	2.6508703
14OgG27JOE	3.3915663
14OgJZ4qRE	3.05944
14OgQW8jrE	3.221824
14OgbE39RE	4.173835
14OgbJL5RE	3.1488175
14OgdYZjoE	2.556009
14Ogjx19RE	2.922528
14Ogk2MWOE	2.5381935
14Ogn2qJRE	3.153998
14OgnxLBRE	4.214716
14Ogx6GLoE	3.8209555
14OgxGwjoE	2.4124992
1VRj0EL2oz	2.790726
1VRj15yVrz	3.1727161
1VRj8pKZoz	3.7585318
1VRjDj02oz	3.5872934
1VRjGE59Oz	2.3131979
1VRjGKLKOz	2.2649345
1VRjKz89Oz	2.2428157
1VRjXY2oz2	3.7908406
1VRjXdLKoz	3.231066
1VRjgmmnOz	3.7997634
1VRjkPn4Oz	2.6554568
1VRjlZVZoz	3.3292928
1VRjmvmGrz	3.1921368
1VRjnyd9Rz	3.8111703
1VRjpMp8oz	3.4674718
1VRjv5DqRz	2.7358735
1VRjw8WVOz	3.2054768
1oZ00eJARK	2.6690645
1oZ0NbxnRK	2.21052
1oZ0NqD3RK	2.125574
1oZ0V2EARK	2.7948072
1oZ0eebxRK	3.1582005
1oZ0gpX6RK	3.7717752
1oZ0kKLxRK	2.7297668
1oZ0negWRK	3.0371077
1oZ0p3VGRK	3.2365913
1oZ0pJ8nRK	2.4041858
1oZ0pKZnRK	3.5391164
1oZ0vGk5RK	3.634729
1oZ0wM3GRK	3.6595058
1oZ14jaGOK	2.7386148
1oZ16e8nOK	3.7581673
1oZ1Ez3AOK	2.9379787
1oZ1JnJWOK	3.0762236
1oZ1L8zgOK	2.886848
1oZ1Lnq3OK	3.0208972
1oZ1MJG6OK	3.202896
1oZ1NbWdOK	3.8741512
1oZ1QxdnOK	2.7470846
1oZ1VLeGOK	3.9476264
1oZ1ZQq5OK	3.309136
1oZ1jv3AOK	3.7263572
1oZ1wWW3OK	2.871985
1oZ1yvzdOK	4.306796
1oZ1zlxWOK	3.3059766
1oZ31J9grK	2.6071856
1oZ36w7nrK	3.7470143
1oZ3712GrK	3.1320126
1oZ38wxdrK	2.602576
1oZ3Bn95rK	4.5640473
1oZ3Bp6nrK	3.5924122
1oZ3JZ26rK	3.9202728
1oZ3XPzWrK	2.5744662
1oZ3bB93rK	3.7574923
1oZ3yyPlrK	3.1611223
1oZy0V6gOK	2.3174446
1oZy2k7WOK	2.7519722
1oZy5P73OK	2.0797904
1oZy92wWOK	3.767389
1oZyD68AOK	3.4624856
1oZyEdwAOK	3.114175
1oZyKyg6OK	3.124852
1oZyMqm5OK	4.0046062
1oZyVPWxOK	3.8895612
1oZyWnnlOK	2.7094731
1oZyeDbAOK	3.1102767
1oZygG15OK	3.0888138
1oZyjAwxOK	2.943636
1oZyjxdgOK	3.4111385
1oZyv6WxOK	2.3691862
1oZywyZ3OK	2.5928147
1oZyxeelOK	3.000494
2Nop0GkKoD	2.846008
2Nop2ZG8RD	2.2689133
2Nop44mloD	2.827706
2Nop5beWrD	2.5707827
2Nop6Y9eRD	3.576449
2Nop6aW1RD	1.8441634
2Nop8lG8oD	3.6732922
2Nop9ZYYrD	2.9516978
2Nop9xbKrD	2.8099225
2NopAyxWrD	2.5896294
2NopJjvxRD	3.3139772
2NopJw6NRD	3.951986
2NopKDpNOD	3.835463
2NopQY8xrD	3.5564408
2NopY57jrD	2.1409483
2NopejQlrD	2.4954007
2NopvzmNRD	4.015835
3OP319dXRN	2.7912412
3OP33l8VRN	3.872215
3OP375E4RN	2.7835734
3OP38GWdRN	2.7572355
3OP3EXqVRN	2.2778955
3OP3EYvVRN	3.4766123
3OP3WVJmRN	2.5112226
3OP3YDk4RN	4.0683203
3OP3bVYlRN	3.1621177
3OP3bna4RN	4.0323253
3OP3ekXzRN	2.0505505
3OP3jWNmRN	4.09518
3OP3lealRN	3.1989949
3OP3nwz1RN	2.3798964
3OP3w8zzRN	3.5012498
3OP3xPPzRN	3.6395957
3OPB220drN	3.8711922
3OPB7LbzrN	3.4300258
3OPB7WBdrN	3.321759
3OPBB0AXrN	2.5162654
3OPBKEkgrN	2.5310435
3OPBL6dVrN	2.632916
3OPBLLdvrN	1.8447195
3OPBLMYVrN	3.9272816
3OPBLQp1rN	3.3566017
3OPBLgvXrN	2.5751314
3OPBLnM0rN	3.0567024
3OPBLnddrN	3.099961
3OPBVyZ0rN	2.1409857
3OPBWDG0rN	2.9649367
3OPBWzwXrN	3.8659856
3OPBggZzrN	3.2376518
3OPBndzmrN	3.271823
3OPBnk0VrN	3.9176557
3OPBy0YlrN	2.310495
3OPBy2Z4rN	2.6444824
3OPByP71rN	2.8422158
3OPBzDvvrN	3.490946
3OPV0VNvrN	3.186524
3OPV0pNgrN	3.0075743
3OPV1G1mrN	2.442778
3OPV1MB4rN	2.3853447
3OPV2xbvrN	3.5229528
3OPV32egrN	1.9845077
3OPV42m4rN	2.579627
3OPV5AyzrN	3.8300066
3OPV6JNmrN	3.5070107
3OPV7kK1rN	3.5012255
3OPV8KMmrN	2.2061045
3OPV8M80rN	3.2011669
3OPV8mvgrN	3.221062
3OPVBMAXrN	3.3171935
3OPVEeWvrN	3.8785112
3OPVJNK4rN	3.860671
3OPVJP80rN	2.706344
3OPVK0QVrN	2.758357
3OPVKkv1rN	3.1103475
3OPVLKDvrN	2.8423812
3OPVLL94rN	4.415327
3OPVLjW0rN	2.337697
3OPVWJ74rN	1.9997241
3OPVZmmdrN	4.0141068
3OPVa6WXrN	1.895916
3OPVbpQXrN	4.142346
3OPVdbmdrN	3.3533802
3OPVdyA4rN	3.2655506
3OPVg1kdrN	1.9467195
3OPVk77grN	3.5881772
3OPVq6q4rN	2.9779708
3OPw0LZzRN	3.3763227
3OPw0vQ4RN	3.2041547
3OPw2W61RN	3.1434062
3OPw3YW0RN	2.229637
3OPw5QlzRN	3.041949
3OPw76mdRN	3.250953
3OPw7WEgRN	2.1488037
3OPw8Gm0RN	3.5516036
3OPw8x8zRN	3.727739
3OPw96vgRN	3.0519018
3OPwApEmRN	3.239878
3OPwB92gRN	3.444606
3OPwBLV4RN	2.9522903
3OPwDL5gRN	2.771995
3OPwG7YvRN	3.5285823
3OPwGL2vRN	3.5557027
3OPwGNVXRN	3.608136
3OPwK6wdRN	3.6342335
3OPwKYezRN	3.1158774
3OPwMqgvRN	3.326603
3OPwPklVRN	3.2248662
3OPwaJMdRN	1.9737507
3OPwaP6lRN	3.6699152
3OPwdqzVRN	3.1021087
3OPwjbJ4RN	2.4330723
3OPwnM4mRN	3.1871862
3OPwqmJ1RN	3.4569256
3OPwvW44RN	3.9805992
3OPwvypmRN	2.7078881
3OPwyz7mRN	3.1195014
3rK11xn8OD	3.8461735
3rK137V3OD	3.7978063
3rK13meZOD	2.4282842
3rK16ln3OD	3.2474687
3rK189nKOD	2.756095
3rK1D3q7OD	3.7679994
3rK1E6aJOD	2.2977777
3rK1EvDBOD	4.03796
3rK1GP23OD	2.3610804
3rK1K3X9OD	2.5716739
3rK1KVKGOD	3.7342927
3rK1NawGOD	2.3157592
3rK1PByZOD	3.280378
3rK1PWEGOD	3.682364
3rK1WVZGOD	2.7832317
3rK1Z4P3OD	2.5211577
3rK1b6pGOD	2.8258047
3rK1mYj8OD	2.4402168
3rK1pKnwOD	3.6545582
3rK1xkn7OD	2.632919
3rK1z2vYOD	3.5012944
3rKA057BOD	2.7991116
3rKA0kWJOD	4.0167966
3rKA0zXZOD	2.9571064
3rKA3J5BOD	2.7937741
3rKA4GzZOD	2.9112408
3rKA6lzKOD	4.397989
3rKAKdwGOD	2.656378
3rKAL65wOD	3.0712435
3rKANA6wOD	2.4573333
3rKANlx9OD	2.729776
3rKAW95YOD	2.6883228
3rKAWkb3OD	2.7845504
3rKAXqQKOD	2.7592835
3rKAeAz8OD	3.966908
3rKAeYbBOD	3.5795188
3rKJ0PYZoD	2.5281208
3rKJ7E88oD	3.2000222
3rKJ86WBoD	2.833683
3rKJJ1l8oD	2.4288142
3rKJJVd8oD	2.2229426
3rKJPX9BoD	3.9064784
3rKJY3N3oD	2.7626011
3rKJglDJoD	3.383599
3rKm0ea8OD	3.113465
3rKm19QwOD	3.5357914
3rKm1eAKOD	2.7516785
3rKm6bNGOD	4.141764
3rKm6xE8OD	3.227048
3rKm6xGZOD	2.5515254
3rKmA273OD	2.8614845
3rKmDwM7OD	3.6458123
3rKmJJ9KOD	3.1273124
3rKmJn0JOD	3.825598
3rKmMvJ8OD	3.0109322
3rKmNvJ9OD	2.504046
3rKmNyMwOD	3.3722565
3rKmgL8GOD	3.7777853
3rKmqGwwOD	3.5991848
3rKmwXW9OD	2.6053824
3rKmzLWYOD	2.9645615
3rKmzPzKOD	3.7295246
3rn34D6LRa	3.4699848
3rn34pnPRa	1.9815418
3rn35ANPRa	3.0894659
3rn35x8aRa	2.7256684
3rn3BkL6Ra	2.5929701
3rn3EN30Ra	2.9763546
3rn3EwbPRa	2.121335
3rn3MWMDRa	3.0956662
3rn3ZvV1Ra	3.2234542
3rn3bxPeRa	2.9150207
3rn3n4MLRa	3.2476468
3rn3pjQ7Ra	1.7172815
3rn3qgBnRa	2.3758404
3rn3vPleRa	3.2713711
3rn3wLXDRa	2.0147965
3rn3yzV1Ra	2.4482136
3rn419jeOa	3.0450974
3rn49akaOa	2.6421716
3rn4a4v0Oa	2.6429543
3rn4mQg0Oa	3.5218458
3rn4nmg6Oa	3.7979538
3rna0PyPoa	2.4914935
3rna2p4Woa	2.6314323
3rnaBMa6oa	3.9451241
3rnaDY3Loa	2.5499887
3rnaDd06oa	4.0024533
3rnaJ5n7oa	2.7551441
3rnaKJ36oa	3.3960452
3rnaMmNeoa	3.1267629
3rnaMvd1oa	3.4971735
3rnaPDp6oa	2.3103294
3rnaWWLWoa	4.1751623
3rnadPJ0oa	2.2458074
3rnak8M1oa	3.6559668
3rnakVXPoa	3.2910757
3rnakxM1oa	2.4134688
3rnapXe0oa	2.9858482
3rnaxm0Loa	2.7625742
3rnaxzy6oa	3.326987
3rnz1lJWra	4.344952
3rnz1wW6ra	2.7673898
3rnz1wX1ra	3.855539
3rnz3Y77ra	3.0212855
3rnz3ZKara	3.9289606
3rnz3baDra	2.825324
3rnz4Vgnra	4.171268
3rnz4pX6ra	4.366047
3rnz4qJnra	3.954312
3rnz4yVera	2.5464983
3rnzBDVWra	3.8363893
3rnzBWyara	3.8865569
3rnzKb7Wra	2.4372075
3rnzNX6nra	3.309842
3rnzQnz1ra	2.8135316
3rnzQpmLra	1.8288124
3rnzaDp7ra	4.2350974
3rnzaPqPra	3.2810369
3rnzdP4Lra	3.388827
3rnzdk6Wra	2.0415611
3rnzmwe1ra	2.926109
3rnzvEbLra	2.6364303
3rnzvWx0ra	2.5387752
3rnzyPyWra	2.7537274
3rnzz5Z7ra	2.5056033
3rnzzKEara	3.0877242
4AoG00e9rv	3.2085474
4AoG0Bwqrv	2.750937
4AoG0GvBrv	3.3775697
4AoG2QxVOv	3.5848732
4AoG9j2PRv	2.9315114
4AoG9qe9Rv	1.9005998
4AoGG4kPov	3.1285045
4AoGGGb8ov	3.268178
4AoGJEQ1Ov	2.7275953
4AoGJl02Ov	3.3383806
4AoGJvn8Ov	3.6900392
4AoGJzGBOv	2.3158054
4AoGM3k9Rv	3.6396294
4AoGN6j7Ov	3.4912014
4AoGXJZzrv	2.9800074
4AoGY719Rv	2.7371423
4AoGayPzRv	2.9253602
4AoGb2D9Ov	2.9415226
4AoGbpAxOv	3.5002308
4AoGkzvxov	2.6769881
4AoGxkn2rv	2.5441992
4AoGxnVqrv	2.85844
4AoGyEMPRv	3.963715
4Og10wVWrE	3.264837
4Og16085rE	2.679361
4Og1Jy1WrE	2.851144
4Og1NN2jrE	2.4637623
4Og1QlgBrE	4.3629737
4Og1WQDLrE	3.1947045
4Og1XlzPrE	3.6946409
4Og1XnxBrE	3.423671
4Og1d5YJrE	3.716345
4Og1g6jWrE	4.3711405
4Og1gZKYrE	3.328866
4Og1vqj9rE	3.65679
4OgQ4q5JrE	2.9035835
4OgQ4xPjrE	3.5471704
4OgQMkwBrE	2.561928
4OgQQQ0YrE	3.0328748
4OgQW4d5rE	2.533358
4OgQdG3jrE	2.8807054
4OgQdbDPrE	2.0206232
4OgQkb05rE	3.786342
4OgQn9xqrE	3.3201003
4OgQng6WrE	3.6846101
4Ogj2AQWRE	2.9333584
4OgjBlp5RE	3.1986673
4OgjJp69RE	2.5342588
4OgjjebYRE	1.840551
4OgjlVqPRE	3.383017
4OgjlWNLRE	3.7114449
4OgjlX9WRE	2.9502897
4OgjlXybRE	3.8653088
4OgjwWkLRE	3.4450383
4OgjzDqBRE	3.9352965
4OgjzGPYRE	3.4971673
4OgjzeVJRE	3.1389108
4Ogn0w3PRE	2.432946
4Ogn19PPRE	3.304575
4Ogn74EqRE	3.0429761
4Ogn7K2WRE	3.9447036
4Ogn8l5LRE	3.6908457
4OgnB76LRE	2.9164002
4OgnEA35RE	3.2833602
4OgnP9lPRE	2.5348141
4OgnVBG9RE	2.4285278
4OgnX0nLRE	3.640722
4OgnYkBLRE	2.7973795
4OgnZKpjRE	3.243626
4OgnZq0bRE	3.0791755
4OgnepNWRE	3.615651
4OgnnLxWRE	4.4289455
4Ogny20JRE	3.5689173
5kOq17B3Oe	3.1155963
5kOq1pdpOe	3.557505
5kOq2JPEoe	2.2687807
5kOqBD8Eoe	3.4008317
5kOqBkzkoe	3.307361
5kOqDlW8Re	2.349732
5kOqEQx5Oe	3.020129
5kOqGvEgre	3.5840263
5kOqKn38re	3.0666616
5kOqKyZ8re	3.2113957
5kOqQlv1Oe	2.750777
5kOqWDw5re	2.9113965
5kOqX3yzRe	2.585582
5kOqXNa8Re	2.8730326
5kOqb9xEoe	3.2062848
5kOqbAL5oe	4.18647
5kOqdzL0Re	4.2571096
5kOqe6YkOe	2.6257846
5kOqeG1pOe	3.6149185
5kOqggkgre	3.394036
5kOqnwNzoe	3.7785828
5kOqvxL8oe	2.7111375
5kOqx85ReD	3.866589
5kOqyp64Oe	2.2718792
5kOqyxJkOe	3.8745117
5kOqz724oe	3.0436225
5kOqz8g3oe	3.5263789
5ko30KqPrN	2.1866112
5ko30gYPrN	2.8273377
5ko34d27rN	3.8165307
5ko38YG9rN	2.8518555
5ko39LZDRN	3.1993723
5ko39Y51RN	3.1845226
5ko3BDgkON	2.7026808
5ko3Bp5PON	3.0958643
5ko3D7pArN	2.460276
5ko3K3kAoN	2.8934398
5ko3NAYvON	2.5292654
5ko3W639oN	3.1659021
5ko3WBDaoN	3.4071667
5ko3X2nPrN	3.585592
5ko3XDlvrN	3.6586661
5ko3ZdeAON	4.3353744
5ko3bpw9ON	1.8157461
5ko3dQ11rN	2.553228
5ko3dz0PrN	3.4087229
5ko3kQL9oN	2.8938947
5ko3lE94rN	2.1985087
5ko3zAw9ON	3.1325688
5o031NZPOg	3.30298
5o032BP7Og	3.8097432
5o032ekJOg	2.7002351
5o036VM7Og	2.8037994
5o039gjwOg	2.8612056
5o03B2pwOg	2.2742214
5o03BYBPOg	3.1084406
5o03DlZ7Og	2.3730423
5o03LBeQOg	2.179625
5o03M1ykOg	2.5832183
5o03MV7POg	3.9239218
5o03XknwOg	3.1818376
5o03dqaNOg	3.6660812
5o03elp7Og	2.1535292
5o03g157Og	3.4467974
5o03gkbJOg	3.507806
5o03j3B1Og	3.0364802
5o03nzXDOg	3.6142664
5o03q53POg	3.6882164
5o03qvMwOg	2.7717433
5o03wz6POg	2.6491904
5o03x52ZOg	2.8011541
5o03xZMwOg	2.2468672
5o03yVyDOg	3.453818
5o0470BJog	2.8339696
5o0494aZog	3.8723
5o049ZWQog	2.894191
5o04EmzPog	3.140985
5o04PbQJog	1.888117
5o04X2Pkog	2.9407015
5o04XdnPog	2.6717248
5o04XjvDog	3.294114
5o095Jywrg	3.448033
5o09KxpQrg	2.9779747
5o09Nl11rg	2.6193492
5o09VPj1rg	3.075728
5o09X64Qrg	4.011226
5o09d3NDrg	2.2098217
5o09gkp1rg	1.7570742
5o09jZl7rg	3.582896
5o09lWZDrg	2.6876113
5o09nBWkrg	2.9380162
5o09v3kDrg	4.267841
5o09w2lQrg	2.8757339
5o0Q6kWQrg	3.5017447
5o0Q8XKwrg	3.649741
5o0Q8bXNrg	2.287565
5o0Q96k1rg	2.5111983
5o0Q9jZJrg	3.58892
5o0QDLmDrg	3.6287215
5o0QEnV1rg	3.1727483
5o0QEqGwrg	2.5928633
5o0QG9EQrg	3.7795334
5o0QL10krg	2.4513679
5o0QZ5LGrg	2.5500784
5o0QZ7dDrg	3.5977087
5o0Qm83wrg	3.1870897
5o0Qv21wrg	3.0604126
5o0Qx7wDrg	2.9369648
5r4Q1qLxRK	3.05847
5r4QAJbzRK	2.8673713
5r4QDv77RK	2.6399202
5r4QabjaRK	3.684064
5r4Qqx9aRK	4.190278
5r4QqxdzRK	3.336369
5r4QxyvaRK	2.5876675
5r4VANvQOK	3.737535
5r4VAlWpOK	3.9412172
5r4VAnDAOK	4.0971956
5r4VEp5POK	2.276549
5r4VPL2xOK	3.6172025
5r4VQ8nxOK	2.3728232
5r4VQBY1OK	3.1558993
5r4VQLlaOK	3.1881158
5r4VQXdaOK	2.894014
5r4VVB7yOK	2.5844302
5r4VWaKzOK	2.548945
5r4VZBzPOK	3.5457578
5r4VaEMpOK	4.4137816
5r4VaYNpOK	3.3562942
5r4VqyLpOK	3.1061912
5r4VyX6pOK	3.173503
5r4W1lA1oK	2.79711
5r4W6d8aoK	2.033006
5r4W6mwxoK	2.5063071
5r4WEvvxoK	3.6361604
5r4WJbM7oK	3.9875975
5r4WNQjPoK	3.6637948
5r4WQdJyoK	3.74344
5r4Wa05poK	2.6597996
5r4WbkBgoK	2.7672606
5r4WgYPxoK	2.9524202
5r4WjNgyoK	3.1929607
5r4Wjz7yoK	2.39116
5r4WmbayoK	3.578421
5r4WnXx1oK	3.9810712
5r4WnYx7oK	3.0528495
5r4Wpy4PoK	3.3781197
5r4WqwGgoK	2.4923668
5r4WvJapoK	3.153878
5r4WxMb7oK	2.7767153
5r4qLzN1RK	2.7914782
5r4qQlkyRK	3.036922
5r4qWDVARK	2.6516435
5r4qWqJgRK	2.0924373
5r4qZMd7RK	3.3084679
5r4qZN8yRK	3.2773056
5r4qdBVxRK	2.5458035
5r4qpdDQRK	3.2948058
5r4qq26xRK	3.2823753
5r4qv0qaRK	3.0319333
5r4qwWn1RK	2.3444288
5r4qzXxARK	2.6166975
7AR911J7Rm	3.4034154
7AR91NdqRm	3.574427
7AR93VA9om	2.132595
7AR93gqvom	3.117988
7AR95JevRm	3.5075986
7AR98xLjrm	3.2177646
7AR9Bee9Om	3.6433418
7AR9E4w3Rm	4.493095
7AR9K6x3om	2.7578988
7AR9L1W7rm	2.471959
7AR9MQNjRm	2.7366736
7AR9P333rm	3.5874736
7AR9PPyerm	3.366561
7AR9PZy9rm	2.9632366
7AR9Qy9eRm	4.054292
7AR9VXN3Om	3.878255
7AR9Zl1qOm	3.5184786
7AR9kAjqom	2.573219
7AR9kaGqom	3.402553
7AR9llW9rm	3.1175563
7AR9lx6vrm	4.002864
7AR9p33rmN	2.1749787
7AR9y7k7Rm	2.824208
7AR9yW81Rm	2.522649
8OQ007xQRJ	3.1721792
8OQ03VNBRJ	2.7579734
8OQ03vpNRJ	2.3080463
8OQ05qvNRJ	3.743365
8OQ073PZRJ	2.7009208
8OQ07dJNRJ	1.8644314
8OQ07lLeRJ	3.2832303
8OQ0JJVQRJ	2.677125
8OQ0JyPYRJ	4.031173
8OQ0eg1QRJ	2.8735538
8OQ0gdGpRJ	2.532081
8OQ0kN6pRJ	2.2798462
8OQ0klVJRJ	2.4283555
8OQ0mpJZRJ	3.1732695
8OQ0pWlWRJ	3.2077372
8OQ0pm5nRJ	2.4339266
8OQ0pn4JRJ	2.60599
8OQ0qXQnRJ	3.2222798
8OQ0vv5JRJ	3.3300228
8OQ0y07YRJ	2.9685485
8OQ0y71WRJ	3.1607938
8OQ0yJ4YRJ	3.6557565
8OQ0z1J4RJ	3.4338958
8OQ0zvAeRJ	3.1347427
8OQJ9wk4oJ	3.0266116
8OQJB4DnoJ	2.8207142
8OQJD684oJ	3.380327
8OQJEJNJoJ	3.822875
8OQJEp7NoJ	3.968951
8OQJEqzBoJ	3.0093772
8OQJZ2jJoJ	3.2742279
8OQJgB9poJ	3.2975464
8OQJw4PNoJ	2.1235428
8OQV09k4oJ	3.5339446
8OQV0K1YoJ	3.1542585
8OQV10xBoJ	3.5817728
8OQV2WNZoJ	3.0253913
8OQV69LnoJ	4.2566447
8OQV8bj4oJ	3.932611
8OQVAaW4oJ	2.7019484
8OQVEvj4oJ	2.9016018
8OQVJYeWoJ	3.5939527
8OQVK2yeoJ	2.4032805
8OQVQnGYoJ	2.7330325
8OQVXm0JoJ	3.5258322
8OQVY9KYoJ	3.1871452
8OQVYWYZoJ	3.2921238
8OQVaYkpoJ	2.8111937
8OQVg9AQoJ	3.387436
8OQVmKWpoJ	2.5420537
8OQVpD64oJ	3.4895892
8OQVwlxQoJ	2.924946
8OQq0xz4OJ	2.549101
8OQq109WOJ	2.9579904
8OQq4b3YOJ	3.9708467
8OQqDE1BOJ	2.8148735
8OQqE1v4OJ	3.1445973
8OQqGbpBOJ	3.9190767
8OQqGnMNOJ	2.9605837
8OQqKdYeOJ	3.1756668
8OQqMM1NOJ	3.8840954
8OQqPvpWOJ	2.4496496
8OQqe47YOJ	4.3359756
8OQqe6jBOJ	2.9939916
8OQqlMgJOJ	2.9286506
8OQqmEvZOJ	2.6774108
8OQqwLeYOJ	3.723903
8OQqwwWWOJ	4.020739
8OQqxnkpOJ	3.1180508
8OQqxzEBOJ	3.2909362
8Rk80bY6Oj	4.230702
8Rk82JPQOj	3.2719545
8Rk82k0zOj	2.8878329
8Rk84N7wOj	3.2860513
8Rk870lwOj	2.0742927
8Rk874pQOj	3.7023187
8Rk875VlOj	2.1537185
8Rk87K40Oj	2.6595912
8Rk884NMOj	1.9008087
8Rk88BW8Oj	3.7769964
8Rk89MG0Oj	2.7054813
8Rk89lz8Oj	3.6212666
8Rk8A66nOj	3.2676742
8Rk8GMq5Oj	3.1195662
8Rk8JXvwOj	2.4351127
8Rk8K6LQOj	3.3061466
8Rk8MZQ2Oj	3.2514682
8Rk8MZyQOj	3.7043493
8Rk8QjQ2Oj	4.1644435
8Rk8W65MOj	2.4216468
8Rk8ZV58Oj	4.127488
8Rk8bVYQOj	3.4739666
8Rk8dVy8Oj	2.1524944
8Rk8eBzzOj	4.071472
8Rk8gWWlOj	3.4958973
8Rk8jx8zOj	2.5087788
8Rk8k0NlOj	2.4430788
8Rk8l1w5Oj	3.1667001
8Rk8qd0QOj	3.7545447
8Rk8xmPnOj	3.1022272
8Rk8y145Oj	4.1638865
8RkD8nBwOj	3.056829
8RkDB982Oj	3.0283337
8RkDBYq6Oj	3.4955666
8RkDDZj2Oj	3.3738184
8RkDE97QOj	2.4474177
8RkDLPE2Oj	4.1982365
8RkDa8GQOj	3.0292795
8RkDaBz0Oj	3.9347613
8RkDj3x6Oj	4.4466844
8RkDjbb8Oj	3.717233
8RkDp0K2Oj	3.0295992
8RkDp2J5Oj	2.8447528
8RkDpWJwOj	4.2629867
8RkDpn1wOj	3.3244119
8RkDpy20Oj	3.5419228
8RkDqMy2Oj	2.6294522
8RkDvLP5Oj	2.2564142
8RkDw58nOj	3.768323
8RkDwBmwOj	2.771015
8RkDwY1nOj	3.062918
8RkDwk3nOj	3.680969
8RkDwz5QOj	3.5299675
8RkDzJe8Oj	3.8197172
8RkJ6VP5rj	4.2782497
8RkJ6bglrj	2.5765436
8RkJ8Xy0rj	3.2436223
8RkJ96B0rj	4.041389
8RkJBJlnrj	3.6347256
8RkJJp1zrj	2.9094126
8RkJMb2zrj	2.9178143
8RkJPn3Qrj	2.9261327
8RkJQXvMrj	2.5026162
8RkJV2aMrj	3.509378
8RkJVd7Mrj	3.1160538
8RkJW3pQrj	3.267619
8RkJaq45rj	4.3474727
8RkJawgQrj	2.9985561
8RkJdkGnrj	3.6978872
8RkJe42wrj	2.8116877
8RkJjdVlrj	2.5270503
8RkJm7Elrj	2.3063776
8RkJq3JQrj	4.181939
8RkJqQpnrj	2.8234642
8RkJxZLMrj	3.6867595
8RkJzB0Mrj	2.475075
8Rka2GKwoj	2.6464503
8Rka2gAMoj	3.4047878
8Rka4pxloj	2.350105
8Rka7g6noj	2.593823
8Rka7xqnoj	3.671539
8Rka8VM5oj	3.1752656
8Rka9L7loj	3.36472
8RkaE262oj	3.2280495
8RkaGgZ8oj	3.265822
8RkaGnx0oj	3.4464045
8RkaK9JQoj	2.0575898
8RkaMAVloj	2.804837
8RkaN3a2oj	2.7534096
8RkaPzj2oj	3.0458674
8RkaQMq8oj	3.7185173
8RkaVnq6oj	3.557314
8RkaXGP8oj	4.9421
8RkaY4Nnoj	3.3733697
8RkaYaDloj	2.6168122
8Rkaal05oj	2.3284945
8Rkabk2Moj	2.5934765
8Rkadmxwoj	4.4085727
8RkakKKzoj	2.675141
8RkalQlnoj	2.7972248
8RkanZ68oj	3.0708568
8RkaqqP0oj	2.6692574
8Rkax0mMoj	3.2011595
8RkayKM5oj	2.4824362
8oY1196Voa	3.2794185
8oY11z4Voa	4.078048
8oY13jw9oa	3.6808758
8oY1682Xoa	2.17108
8oY175KVoa	4.1651793
8oY17wMXoa	3.3483775
8oY17zpYoa	3.2032862
8oY19wLyoa	4.212753
8oY1GNG3oa	3.0044646
8oY1LgKQoa	3.46194
8oY1N1pQoa	2.7709014
8oY1NK2woa	3.5445151
8oY1P3kVoa	4.51092
8oY1PgZmoa	2.8331554
8oY1akAYoa	3.5584693
8oY1gqp9oa	2.5800998
8oY1kEZyoa	2.78338
8oY1kJ4Boa	2.5061855
8oY1nDABoa	3.646272
8oY1qX1woa	3.686788
8oY1vXzBoa	3.8938422
8oY74X1VRa	2.145813
8oY77ayJRa	3.1774879
8oY78kDQRa	1.9937823
8oY7ABn9Ra	3.29818
8oY7Avq3Ra	3.6212125
8oY7G6kBRa	2.9437935
8oY7GAZyRa	4.66573
8oY7Gj9VRa	2.9421291
8oY7KLp9Ra	3.2153034
8oY7MeJBRa	1.9418154
8oY7NvV3Ra	3.5291
8oY7QBLJRa	2.3700936
8oY7QxL3Ra	1.9454463
8oY7eVEBRa	3.4178214
8oY7gzZyRa	3.2264712
8oY7jj7wRa	2.3296816
8oY7nv1QRa	3.7776756
8oY7vnYyRa	2.5799222
8oY7wg4QRa	3.3843791
8oY7wqBJRa	3.4404588
8oYY1jxQoa	3.7214031
8oYY2G1woa	4.008924
8oYY2YMJoa	3.7901623
8oYY4aQVoa	2.4870992
8oYY557Yoa	3.0989552
8oYY5VE3oa	2.864815
8oYY65vBoa	3.0063746
8oYY7AmBoa	3.7752745
8oYYAVgmoa	3.8863266
8oYYJ3Q9oa	2.3139915
8oYYKmvmoa	2.692473
8oYYMygQoa	3.383069
8oYYNnqwoa	2.8677464
8oYYW5aBoa	2.6262097
8oYYXVE9oa	3.0967906
8oYYXxdmoa	4.3786883
8oYYaeJVoa	3.6287868
8oYYaj7Yoa	2.931528
8oYYavv3oa	3.3701425
8oYYg07Xoa	3.1733444
8oYYg1AYoa	2.4279404
8oYYjnBBoa	2.5971565
8oYYm9kXoa	4.213455
8oYYmxKXoa	3.911279
8oYYnEJBoa	3.490481
8oYYqnAYoa	3.9392946
8oYYz9mJoa	2.5654151
8oYz10mBra	2.1575472
8oYz241Bra	2.6650977
8oYz5MJYra	2.8132374
8oYz64AVra	3.4697092
8oYz7N9Jra	2.5958574
8oYz7pGwra	3.0159707
8oYzDJWBra	2.2442777
8oYzDjKyra	4.2866154
8oYzK4Kwra	3.9205074
8oYzKV3Bra	3.4709127
8oYzKZMQra	2.7251322
8oYzKypVra	4.112887
8oYzLvE3ra	3.3569229
8oYzM389ra	2.92896
8oYzPwd3ra	3.2677362
8oYzPyk9ra	3.326282
8oYzWP7Vra	2.745929
8oYzWbVVra	3.440756
8oYzWqmVra	3.3695328
8oYzXV9mra	3.9230022
8oYzXYVJra	4.22288
8oYzXZWVra	3.4992948
8oYzXem9ra	3.5663724
8oYzY24Vra	2.6254032
8oYzzVQmra	3.7464676
A3rn40pnOa	2.8751154
A3rn5kNDoa	2.166225
A3rn6dnWra	2.4023087
A3rn76zDRa	3.044102
A3rnBNv6ra	2.8548403
A3rnBkP7ra	3.9073114
A3rnBqK0ra	3.5039356
A3rnLkZ6Oa	2.5509682
A3rnQ7WWoa	2.5095766
A3rnQKkDoa	3.3548713
A3rnVw77ra	2.6390193
A3rnWJaRaQ	3.3268664
A3rnb0AWra	3.86351
A3rnbnJDra	3.0551848
A3rndqQnOa	2.9351406
A3rnkzm1Ra	3.3880098
A3rnxQwaOa	2.1670144
A3rny3EWoa	3.5164897
AR960mm9Om	2.955969
AR962BbeOm	2.3879619
AR963jV7Om	3.656713
AR9645vjOm	3.4036584
AR965jp9Om	3.462026
AR9665XMOm	3.9244242
AR968Mm2Om	3.3700087
AR969k7MOm	2.6702077
AR96EexqOm	3.1919222
AR96JyvqOm	2.8685384
AR96LGD1Om	3.1829367
AR96MYN1Om	3.3977458
AR96WV4MOm	3.4388607
AR96X1J7Om	2.8986397
AR96dPQeOm	3.3015897
AR96jdEjOm	2.3287153
AR96y3e7Om	3.967
AR96y9weOm	3.8792531
AR9K6KdPom	3.4554746
AR9KJPm2om	3.5016823
AR9KKKBqom	2.7340293
AR9KPebvom	2.80646
AR9Ka562om	2.8443797
AR9Kpz0eom	2.5045826
AR9KvBNPom	2.0567696
AR9KxgY7om	3.4033604
AR9KznGPom	2.5429842
AR9L2kb9rm	2.8696206
AR9L31G9rm	4.400469
AR9L6e0qrm	3.4457512
AR9LGG39rm	2.3407736
AR9LaBnqrm	3.104292
AR9LgzWjrm	2.7832737
AR9LmGverm	3.2424967
AR9LqLV3rm	3.671431
AR9Lqk9Prm	2.5597959
AR9LqxLqrm	3.0766823
AR9LvMA2rm	2.0549676
AR9LzYaqrm	3.0168886
AR9P03yerm	3.7153368
AR9P2Gp2rm	2.4647284
AR9P38B3rm	2.4470537
AR9P50Yerm	2.402668
AR9P7A97rm	2.726719
AR9PD6X9rm	3.4610424
AR9PDkx1rm	2.999317
AR9PExp7rm	4.436653
AR9PQE27rm	3.847779
AR9PXX81rm	2.8527212
AR9PaV07rm	2.9553285
AR9PegK1rm	4.012306
AR9Pg7Germ	3.751808
AR9Pgxm3rm	3.8145704
AR9PnyG3rm	2.347087
AR9PnyVMrm	3.374934
AR9PpXzqrm	3.089194
AR9Pwgv2rm	3.9667122
AaRa3V0DoV	2.6203516
AaRa4NDkrV	2.7173421
AaRaK99boV	2.726233
AaRaNk0zOV	3.1671908
AaRaQZLjRV	2.8155022
AaRaVJzLOV	3.4464338
AaRaXGDLrV	2.2588432
AaRadBENrV	2.8537722
AaRadp8NrV	3.5698752
AaRady6DrV	2.8636265
AaRae01lRV	2.8715281
AaRakWn3oV	2.8598936
AaRal3EkrV	2.990681
AaRal3yDrV	2.6529613
AaRalavzrV	2.382279
AaRanqEkOV	3.3823118
AaRawmploV	3.3971503
AaRayBkqRV	3.1824975
Ajr50Vveod	2.4269733
Ajr51J8Vrd	3.3286376
Ajr51Qywrd	2.8870158
Ajr547YLod	3.7134616
Ajr59kLrdb	3.160497
Ajr5E99rdb	3.7880945
Ajr5Emwwrd	3.3471007
Ajr5JbakRd	3.6384678
Ajr5N2YLRd	3.0956907
Ajr5Nq0nRd	2.5514545
Ajr5Vaz9Rd	2.608451
Ajr5X0awod	4.5964766
Ajr5X7lAod	2.6887286
Ajr5YnEkrd	3.186218
Ajr5Yzkkrd	3.9771316
Ajr5akvQrd	2.9733827
Ajr5bK7VRd	2.474421
Ajr5ga29Od	3.8293386
Ajr5jx99Rd	2.6966395
Ajr5p7xQod	2.9463847
Ajr5wzQwOd	3.83041
Ajr5zN82Rd	2.8376148
AoG32Xyzov	4.036443
AoG37ml8ov	2.727662
AoG38121ov	1.8169903
AoG38jLPov	2.3208442
AoG3MZ07ov	3.3100631
AoG3Wy18ov	3.0753078
AoG3gl2Bov	1.8273772
AoG3kPZPov	2.387286
AoG3p3n8ov	3.4153473
AoG3qdx1ov	3.4987648
AoG3vBjxov	3.2580192
AoG3xbv7ov	3.0757895
AoG3yYd2ov	3.0478396
AoG56bd1Rv	2.5123556
AoG57P41Rv	3.7850704
AoG58epPRv	2.9243555
AoG5A3p2Rv	3.0564396
AoG5DxExRv	4.53841
AoG5JVGBRv	2.217889
AoG5KjJPRv	3.3216941
AoG5NEQzRv	2.3284106
AoG5PN8qRv	2.8868408
AoG5bxMBRv	3.489633
AoG5kYdPRv	3.3029284
AoG5kxWxRv	3.4993534
AoG5nJdzRv	3.8738165
AoG5qKy8Rv	2.9996247
AoG5qqpPRv	3.3123963
AoG5vVJ1Rv	2.4940627
AoG5vwkVRv	3.0191646
AoG5y3bxRv	4.5770025
AoGm5X6xRv	3.511678
AoGm5nXPRv	2.6452515
AoGm5vYBRv	2.633725
AoGmJAJqRv	2.7783546
AoGmJqpqRv	3.7392051
AoGmLVePRv	2.9248562
AoGmVP7xRv	3.7776828
AoGmg5bxRv	4.0724244
AoGmgky2Rv	2.6601474
AoGmj1xqRv	3.0034704
AoGml5x8Rv	2.909545
AoGmp42qRv	3.1325667
AoGmx6g7Rv	4.1426153
AoGmzEExRv	2.738658
AoGmzNQ9Rv	3.3780382
AoGx15jBrv	3.7875128
AoGxEDD2rv	4.037054
AoGxNbZzrv	3.6080756
AoGxP119rv	3.2546585
AoGxPdNBrv	3.6077971
AoGxWE42rv	3.0935862
AoGxXZkqrv	4.3761897
AoGxkYQBrv	2.9012184
AoGxkl21rv	3.1196332
AoGxkl6Brv	2.3298652
AoGxlJmPrv	3.2151656
AoGxlez9rv	3.6824033
AoGxpv61rv	3.2692525
AoGxy67qrv	2.4844897
AoGxyaPPrv	1.9457432
Ayrv146Eon	3.4716234
Ayrv1vXeon	2.3560214
Ayrv5qK9on	4.147984
Ayrv66V0rn	2.4745028
AyrvB9Pnrn	3.6032805
AyrvDpynOn	3.9519875
AyrvMzv0on	2.4856048
AyrvWl3pRn	2.5416923
AyrvbgVKrn	2.311204
Ayrvbnldrn	3.271734
AyrvgPg9Rn	3.5205057
Ayrvk4lmRn	2.4299426
AyrvkaXKRn	2.1090853
AyrvkybpRn	3.0122135
AyrvzEpdrn	2.9173968
BO720lDAR9	3.3073273
BO722xjmR9	3.6379297
BO727PwmR9	3.494018
BO72AM2dR9	3.2609978
BO72Exx9R9	3.0677736
BO72GLp9R9	3.3625891
BO72JKJ4R9	3.149075
BO72NVA6R9	2.5244832
BO72NvLER9	3.8286111
BO72YvBAR9	3.4431362
BO72dVDJR9	2.5301044
BO72kWMdR9	2.6469817
BO72lqEmR9	2.0246341
BO72qL3qR9	3.2619405
BO72xDGdR9	3.8025558
BO734ey9O9	2.871783
BO734kn4O9	3.6595876
BO738l6mO9	3.5550916
BO73AKg9O9	2.4191422
BO73Kvm9O9	2.7916937
BO73XBYWO9	3.2857058
BO73Z3bEO9	3.2313564
BO73a9PqO9	3.2840185
BO73d0w6O9	2.3255856
BO73jkN6O9	2.8395302
BO73kXK4O9	3.357552
BO73q5K4O9	2.5433602
BO7Z9Xm4R9	3.852071
BO7ZEDdqR9	3.4689243
BO7ZG74dR9	4.325679
BO7ZJDndR9	3.4099083
BO7ZMyxAR9	2.9531937
BO7ZWY3ER9	2.7773097
BO7ZXgZ4R9	2.8065906
BO7ZZZx4R9	2.7721624
BO7ZnJYmR9	4.2704654
BO7ZpAEmR9	3.6489866
BO7ZpEY9R9	2.983859
BO7m4Q49r9	2.8552594
BO7mDXM4r9	3.1461773
BO7mGBkWr9	3.9950132
BO7mK1nAr9	2.8759701
BO7mKDgmr9	3.9173
BO7mVn1Jr9	2.261852
BO7mZ2mAr9	2.626652
BO7ma6eWr9	2.6678364
BO7madX9r9	3.98106
BO7mlz6mr9	2.799518
BO7mx80dr9	2.3268461
BmRX0aEpR3	3.1808949
BmRX1NQlO3	4.216839
BmRX1mPeO3	3.2275012
BmRX3QnLr3	2.2403274
BmRX4bqzR3	2.9823515
BmRXBg0go3	2.7450886
BmRXDZXgR3	3.972313
BmRXJ27lo3	3.0741198
BmRXJK3go3	2.6416118
BmRXJWEzo3	2.6658359
BmRXNgko3y	3.4782126
BmRXZZ3xo3	3.0820646
BmRXbgKZo3	2.056865
BmRXkGAzr3	2.862515
BmRXpg4ZR3	2.7915552
BmRXvLyxo3	2.7296894
BmRXvbPLo3	3.0604405
E8oY0YJOad	4.3093987
E8oY7AL9Ra	2.8392015
E8oY8bNwOa	2.5512753
E8oYBPNyra	4.0036173
E8oYGQYyRa	2.5014803
E8oYKLkXRa	3.027274
E8oYKY53Ra	2.4623456
E8oYLXm9Oa	2.631151
E8oYNyeQra	3.3945808
E8oYQJ1woa	2.9630532
E8oYV1XBra	2.9296935
E8oYWD59Ra	2.4828982
E8oYWGWmRa	3.3564267
E8oYYY0Boa	2.0296779
E8oYak7Joa	2.9081838
E8oYdq5YOa	3.865758
E8oYmYe9oa	2.795838
E8oYpx6YOa	2.8738625
E8oYqm33oa	2.42175
Eow2AaBAOq	4.041891
Eow2GjYZOq	3.2982175
Eow2JKJAOq	2.911704
Eow2KdzyOq	3.4225693
Eow2KljLOq	3.3831666
Eow2M04lOq	2.3287613
Eow2PVdyOq	2.3750439
Eow2V4XJOq	4.0930605
Eow2Z7YlOq	3.6886117
Eow2kD0yOq	4.03731
Eow61XmAOq	3.3480337
Eow61ZW3Oq	3.3766649
Eow625nZOq	2.8103964
Eow62BALOq	3.2676976
Eow63NpLOq	2.920619
Eow647j3Oq	2.3846164
Eow64y9WOq	2.7685509
Eow675DLOq	2.6845157
Eow67pwAOq	2.3937864
Eow6Q6ZZOq	4.372928
Eow6VN5LOq	3.4628081
Eow6Vv8JOq	3.4827092
Eow6Z00WOq	3.018394
Eow6ZKvLOq	2.691962
Eow6ZnylOq	3.9409373
Eow6Zz9lOq	3.399289
Eow6ajyLOq	3.1149945
Eow6k28MOq	3.2714148
Eow6mbKGOq	2.7650003
Eow6xvKWOq	2.332791
EowV1J4WOq	2.9908926
EowV1wdZOq	3.4444003
EowV65qZOq	2.6223433
EowV6BNlOq	3.288652
EowV8aXWOq	2.475754
EowV9mNLOq	3.3284879
EowVEpjMOq	3.8636708
EowVLWYyOq	3.4743578
EowVPb4lOq	3.5852997
EowVWXL3Oq	2.853036
EowVWpJyOq	3.3363657
EowVYMGGOq	4.193069
EowVZKALOq	4.7085114
EowVb3jGOq	3.836969
EowVg5NlOq	3.2164793
EowVmaG3Oq	2.7032084
EowVq02yOq	2.1307867
Eowx0Xayrq	3.2461793
Eowx1e4Arq	3.4290848
Eowx397Vrq	2.4889283
Eowx8k9Zrq	3.1846154
EowxDApLrq	2.7168365
EowxG27Grq	3.5438542
EowxKg53rq	3.3150227
EowxNGGMrq	2.8127792
EowxNyjMrq	3.747919
EowxbV7lrq	4.233991
EowxkkpGrq	3.1033053
Eowxpx4Jrq	3.552167
Eowxv0kZrq	3.8421187
EowxxKbJrq	2.5461502
ErA21Mw0Rg	3.6913762
ErA24d8gRg	3.9282296
ErA259MxRg	2.764781
ErA27YD0Rg	3.0047383
ErA29PngRg	2.7740214
ErA29v8vRg	2.873508
ErA2APYxRg	2.8708577
ErA2ExznRg	3.316619
ErA2G30xRg	2.2285495
ErA2JbmZRg	2.8935168
ErA2Kj5DRg	3.0162997
ErA2M2neRg	3.9160194
ErA2NLdxRg	3.1600304
ErA2XdlDRg	4.372761
ErA2Z0jNRg	3.3100665
ErA2ZbKeRg	1.8139167
ErA2aJvvRg	2.9332316
ErA2bxAgRg	3.1948643
ErA2dLveRg	3.0332384
ErA2dMEvRg	2.7296882
ErA2dX00Rg	3.583664
ErA2eq1nRg	3.8217776
ErA2g5bmRg	3.4925742
ErA2gnmxRg	2.9232292
ErA2wDZvRg	3.979322
ErA2wbqnRg	3.340839
ErA2yJPZRg	2.986725
ErA2yW7xRg	3.0308733
ErA2yyN3Rg	2.480715
ErAY0NQvrg	2.6030238
ErAY0xWvrg	2.3141685
ErAY1l2erg	1.7884102
ErAY2Nnxrg	2.8185263
ErAY2x9Nrg	2.4612584
ErAYAE3xrg	3.0065553
ErAYAq63rg	2.7380426
ErAYB8Y0rg	2.8487694
ErAYJ6gDrg	2.589625
ErAYJLqnrg	3.7152894
ErAYLgbNrg	3.2813196
ErAYNkBxrg	3.156275
ErAYZYzerg	2.8239875
ErAYb5ZZrg	3.2666802
ErAYd8jmrg	2.654601
ErAYexYvrg	3.9227815
ErAYq040rg	3.2067494
ErAYqJ13rg	3.6485066
ErAYqvvNrg	2.2520852
ErAZ6d1ZRg	3.4107926
ErAZMLK0Rg	3.1610284
ErAZQ510Rg	3.577806
ErAZW45NRg	3.6308427
ErAZWyBDRg	2.971965
ErAZYmWeRg	2.4812498
ErAZZ5qZRg	2.3579226
ErAZgjq0Rg	2.8903944
ErAZkWa0Rg	3.2337117
ErAZkv80Rg	3.0455775
ErAZkzpZRg	2.1047997
ErAZvA0vRg	2.5765738
ErAZvkwDRg	3.5693088
ErAZy7gmRg	2.7261763
ErAZzA0DRg	3.1941116
ErAZzpBNRg	3.272533
ErAq3pkmrg	3.3422558
ErAq50AZrg	2.8752866
ErAqDK3xrg	2.5206652
ErAqEQZ3rg	2.4579098
ErAqJ3Gmrg	2.1968675
ErAqJK2vrg	3.433843
ErAqKxd0rg	3.5399806
ErAqLvp3rg	3.420122
ErAqMLQxrg	4.033326
ErAqVWKerg	3.1848085
ErAqXXxgrg	3.9354403
ErAqaDE3rg	2.9848442
ErAql053rg	3.1961312
ErAqmEnxrg	4.0928
ErAqpKmerg	2.7932692
ErAqvvPxrg	2.771473
ErAqx35Drg	4.131001
ErAqxDd0rg	4.53227
ErAqxJ70rg	3.2276123
ErAqzZvxrg	3.1179132
Ezr819v7Rm	3.037166
Ezr81n9aRm	2.9111502
Ezr81nv7Rm	3.3655448
Ezr85zqaRm	2.912021
Ezr89pM7Rm	2.6325214
Ezr8ELP3Rm	3.7224226
Ezr8EdA2Rm	2.8090923
Ezr8Eg41Rm	3.1056752
Ezr8GKd6om	2.1657925
Ezr8J312Om	3.9550197
Ezr8K8b3om	3.42672
Ezr8Kn7jom	4.003522
Ezr8L912rm	2.1964736
Ezr8LDP1rm	3.4939148
Ezr8M0xvRm	2.7528615
Ezr8Mbg1Rm	2.880035
Ezr8Pyy2rm	2.3001108
Ezr8XV2rmV	2.078397
Ezr8YAPaRm	3.3080502
Ezr8ZMW7Om	2.2537572
Ezr8ZPe1Om	2.7389693
Ezr8aqG2Rm	4.3716946
Ezr8j3KvOm	3.7249808
Ezr8nJD6Om	2.306329
Ezr8qyPaRm	3.7681632
Ezr8wAA2om	3.7457752
Ezr8x5z3rm	3.2084656
GErA0Jagog	2.9554746
GErA16Bnrg	3.9243777
GErA3WanOg	4.3598948
GErA3XaDOg	4.011434
GErA5jgnrg	3.0177014
GErA9dX3rg	2.6591392
GErA9zGvrg	2.718561
GErAB18vRg	2.8527613
GErADwweog	2.759228
GErAK6q3Og	3.8297749
GErAVMzZRg	3.0088694
GErAWMXNOg	2.4813552
GErAYJA0rg	2.7714336
GErAaLQZrg	2.398461
GErAdavog0	3.336516
GErAl9Nnog	2.621768
GErAnzYgRg	2.4751174
GErAx4Keog	3.4180284
GErAxgXmog	3.8435547
GErAz68ZRg	4.5108185
JREB2zqEOq	1.7832037
JREB3aJZOq	2.777105
JREB8BYJOq	3.414881
JREBBPNEOq	3.2948399
JREBJK21Oq	3.059339
JREBLepEOq	2.951481
JREBb9xEOq	3.667745
JREBdBkmOq	3.6111789
JREBe4P1Oq	3.423725
JREBkl11Oq	4.022641
JREBx5BjOq	3.9979348
JREBz64jOq	2.9589417
JREBzey2Oq	2.5249999
JREVAa02Oq	2.266407
JREVAmmZOq	2.2308786
JREVE9vYOq	2.4374807
JREVK37ZOq	3.3397987
JREVP3yaOq	2.0805166
JREVPE31Oq	3.0553167
JREVQWBPOq	2.926997
JREVg0yYOq	3.0710397
JREVgMPZOq	2.5409257
JREVgNDPOq	3.436599
JREVgylaOq	2.0225754
JREVpAazOq	3.878269
JREVpYbPOq	3.241485
JREVvWxjOq	3.8381348
JREVxJ6YOq	3.3154871
JREVxwemOq	2.2428253
JREVz2dEOq	3.3842013
JREVzY3aOq	3.1413252
JREg4mdzoq	2.307817
JREg677moq	3.8185594
JREg7g5aoq	3.0475194
JREgE9PEoq	3.9181952
JREgEY8Eoq	2.9245703
JREgG6Waoq	3.6535673
JREgLy4Joq	2.257169
JREgWw9Poq	3.8891454
JREgXM8Poq	2.9599514
JREgXl4zoq	3.7216074
JREgZgJjoq	3.229217
JREgbkyZoq	3.6422262
JREgbmvYoq	4.3348036
JREge9m2oq	2.6718743
JREm2dxPRq	4.844562
JREm4nz2Rq	3.436777
JREm5NmmRq	3.1459343
JREm6d8PRq	3.828711
JREmBkEYRq	4.1080127
JREmENjjRq	2.6034448
JREmEeX1Rq	2.2082973
JREmLQymRq	2.57062
JREmWma1Rq	3.689921
JREmZwwjRq	2.602078
JREmdwJ2Rq	2.5992303
JREmg391Rq	3.0231729
JREmgnMaRq	2.9642665
JREmjepJRq	3.959681
JREmkYZERq	2.5146487
JREmwpz2Rq	2.7673721
JREmxKQaRq	3.5253382
JREmyPDjRq	3.1565907
JREmykw2Rq	4.4693465
JoyB08qXr9	3.155195
JoyB268Vr9	3.786786
JoyB4g14r9	3.3452463
JoyB59g7r9	3.1364646
JoyB5gdbr9	3.4882023
JoyB6k8kr9	3.4272387
JoyB7jZnr9	2.8360882
JoyB8mQBr9	3.696075
JoyB9BEbr9	4.34852
JoyB9kPBr9	2.7373579
JoyBGpXBr9	4.094759
JoyBJaN0r9	2.7962701
JoyBKNz9r9	2.3672054
JoyBVE69r9	4.4230356
JoyBWqjbr9	3.2651992
JoyBZzgLr9	2.8968818
JoyBbGXLr9	2.8072052
JoyBenkLr9	4.1005197
JoyBepg7r9	3.814852
JoyBlMPLr9	2.2145116
JoyBn8MXr9	3.8074899
JoyBnNnnr9	2.501528
JoyBngYLr9	3.2697473
JoyNAaabr9	2.8487175
JoyNBMJbr9	3.0737803
JoyNDGy0r9	2.6457276
JoyNDxwVr9	3.436921
JoyNKmpXr9	2.689083
JoyNPdYVr9	2.7983367
JoyNPkDnr9	3.2802174
JoyNWMnVr9	3.2680202
JoyNakvXr9	3.502138
JoyNaxXkr9	2.5753334
JoyNkjDnr9	2.7165864
JoyNlVbkr9	3.5356543
JoyNlbm9r9	4.048861
JoyNm80nr9	4.2123623
JoyNmNdnr9	3.2834582
JoyNmm8Xr9	3.595643
JoyNq7DXr9	3.2447324
JoyNqP44r9	3.412411
JoyNzMvbr9	2.8730118
JoyP1lxVO9	3.358738
JoyP2LVBO9	2.7926695
JoyPA7bLO9	2.292429
JoyPAQK9O9	3.5553076
JoyPBzknO9	3.2285545
JoyPGPxVO9	3.44686
JoyPM0WnO9	3.093295
JoyPN8bbO9	3.6955535
JoyPQwk0O9	3.344188
JoyPX7mBO9	4.0303116
JoyPYgN4O9	3.122528
JoyPbQd4O9	3.3725407
JoyPbZx4O9	3.2859092
JoyPl3nLO9	2.60473
JoyPw9nLO9	2.7296498
JoyPxe8nO9	3.6416779
JoyPz5X9O9	2.832141
JoyyDjWVo9	3.1230843
JoyyMzano9	3.4388335
JoyyNvkBo9	1.8592395
JoyyVaZ4o9	2.7098668
JoyyjBQno9	2.6322072
JoyyjbXno9	2.8093457
JoyywKq4o9	3.2503183
JoyyyE4Lo9	2.9907286
KVol5EG7rB	3.2089152
KVol65VBRB	2.7750332
KVol8Yl9oB	3.6916802
KVolBA1YRB	2.470048
KVolDlxqoB	2.577942
KVolWxyaOB	3.03198
KVolZLYkRB	3.4986308
KVolZPx7RB	2.7115119
KVold0ZYoB	2.9980059
KVoldqXBoB	3.370675
KVolnMMZRB	2.9342043
KVolpV99oB	3.8334842
KVolqNaarB	2.1782496
KVolvknZRB	3.2017038
KVolvvqNRB	4.0895424
KVolx3GZoB	3.9603138
KVolxQkaoB	3.3146183
KVolxjNYoB	3.0818293
KoDD3DzMo3	3.952658
KoDD4PaMo3	3.4533672
KoDDDkPXo3	2.989647
KoDDJ9dno3	3.0504098
KoDDK4G2o3	3.5759223
KoDDK9j6o3	3.1855795
KoDDKGapo3	3.423784
KoDDKX8Xo3	2.8107224
KoDDQPM2o3	3.34767
KoDDVE01o3	1.9295012
KoDDX1Zno3	2.8053777
KoDDaaavo3	2.7234802
KoDDan2Mo3	3.7697043
KoDDewj6o3	3.7739623
KoDDgXM6o3	4.4149785
KoDDgnbEo3	3.7636948
KoDDk4Lvo3	2.5776784
KoDDy7pEo3	3.436349
KoDDyLAvo3	4.15992
KoDDzedno3	2.3898509
KoDDzjA6o3	4.1431837
KoDJ41QMR3	3.3745005
KoDJ62J6R3	2.5110204
KoDJ7YN2R3	2.9565778
KoDJB212R3	2.5936658
KoDJJEqpR3	3.3049247
KoDJL19pR3	1.9062898
KoDJNK0MR3	2.8275657
KoDJVWDER3	2.64721
KoDJWMYMR3	3.5316224
KoDJgeyXR3	3.814689
KoDJl4VMR3	3.2790399
KoDJlWGMR3	3.1195662
KoDJlYLkR3	3.2091677
KoDJqLgvR3	2.4985
KoDJxbxnR3	2.242749
KoDJxyGpR3	4.0225058
KoDV0WynR3	3.8243914
KoDV1NjnR3	3.9306622
KoDV2m11R3	2.4357784
KoDV5yKMR3	2.8455741
KoDV6bWXR3	4.0621815
KoDV8yP1R3	2.9663389
KoDVBvAvR3	2.451023
KoDVLzLDR3	3.1040685
KoDVMYPMR3	2.3192713
KoDVQJjnR3	3.1628096
KoDVQe7DR3	3.376816
KoDVWbYpR3	2.182564
KoDVl1K1R3	4.28832
KoDVnElpR3	3.7003336
KoDVp7EER3	2.320851
KoDVq9k1R3	3.4539182
KoDVy24kR3	2.9930172
KoDVy7wER3	2.8128173
KoDVyQQDR3	2.142399
KoDq5A1Er3	2.6205838
KoDq5Eypr3	2.6158872
KoDq5md2r3	3.3153055
KoDq87Ypr3	2.5268302
KoDqJgx6r3	3.7249727
KoDqNAbDr3	2.124636
KoDqP0g6r3	2.8727376
KoDqWGgEr3	3.6048963
KoDqY252r3	2.4319692
KoDqawVvr3	3.29796
KoDqe7knr3	3.0142126
KoDqeWdnr3	3.2611594
KoDqnep6r3	2.0496426
KoDqp5aMr3	3.615335
KoDqwAnkr3	3.120601
KoDqwJ7Dr3	2.2007196
KoDqy8XDr3	3.689446
KrB32EEkRX	3.115612
KrB3DpwkRX	3.1999173
KrB3GGV0RX	3.790861
KrB3GPeYRX	2.5482082
KrB3JqPLRX	2.6200287
KrB3K10LRX	3.678015
KrB3K3pYRX	2.7885091
KrB3QedJRX	3.228967
KrB3Qn2dRX	3.7987716
KrB3Qn90RX	2.3315337
KrB3Y779RX	2.2907097
KrB3eBA0RX	3.8534875
KrB3g4KJRX	2.8660614
KrB3g9W0RX	3.1891696
KrB3gLA4RX	4.2908435
KrB3yLbdRX	2.1255696
KrB3yPGLRX	3.9066532
KrB3ygd9RX	3.4339068
KrB3z1k4RX	2.7717416
KrB3zPN0RX	3.4873986
KrB62QvxrX	3.2496352
KrB66V6YrX	2.2301207
KrB67ljkrX	3.41488
KrB69EBwrX	3.1127641
KrB69dMdrX	3.0799162
KrB6KYGdrX	3.4463344
KrB6KjY4rX	3.151697
KrB6Lw64rX	2.9096677
KrB6ZmV9rX	3.4993112
KrB6eLBYrX	3.0880394
KrB6k0M4rX	2.927314
KrB6kZExrX	2.869789
KrB6pLA9rX	2.591935
KrB6qke9rX	3.3753352
KrBD6y20OX	3.4315796
KrBD8434OX	3.0859444
KrBD8MZJOX	2.6982484
KrBD8jVwOX	4.1532197
KrBDA0YkOX	2.1369076
KrBDBB8xOX	3.076821
KrBDDgewOX	2.4721425
KrBDNnj9OX	2.4894457
KrBDXen9OX	4.021962
KrBDbM6kOX	2.590121
KrBDj7dwOX	2.233825
KrBDkKewOX	3.3078165
KrBDlnzJOX	2.3267677
KrBDvWZkOX	3.0979495
KrBDwy40OX	3.0913334
KrBDxKBwOX	2.9982371
KrBQ23a4oX	1.905912
KrBQ6V5YoX	2.473202
KrBQ7NpkoX	2.8308923
KrBQBmBdoX	2.53198
KrBQEEadoX	1.7147669
KrBQNdVwoX	3.819242
KrBQVYXwoX	2.676444
KrBQWZz4oX	2.8999414
KrBQXzVYoX	3.7076824
KrBQaBl0oX	3.092665
KrBQbdaJoX	3.0306518
KrBQd314oX	3.901776
KrBQd5kwoX	3.6218493
KrBQg8zwoX	1.7960188
KrBQgklkoX	3.52057
KrBQgl8doX	3.8240287
KrBQpkAxoX	3.4358108
KrBQqyXJoX	2.5874417
KrBQwjZkoX	3.3517141
KzoV2gNqoJ	3.1744044
KzoV9WvzOJ	2.8390791
KzoVEAmnOJ	3.0600975
KzoVEYknOJ	3.7498448
KzoVGnN6rJ	3.1033914
KzoVJa7poJ	2.6727333
KzoVM1NBOJ	4.0241632
KzoVNab6oJ	3.0586898
KzoVWEnZrJ	2.8997867
KzoVX7aGRJ	2.5594838
KzoVXGkGRJ	2.450207
KzoVXzWnRJ	3.0080884
KzoVYVe8OJ	3.3880258
KzoVaNxzOJ	3.5806468
KzoVblyZoJ	3.922332
KzoVgKg6rJ	3.5421047
KzoVn758oJ	3.448338
KzoVy3QqOJ	2.7487643
KzoVyzE8OJ	3.7688627
LBO72MQAR9	3.5554278
LBO72W56R9	3.2419524
LBO72mXJR9	2.9166403
LBO7Ew09r9	2.9673216
LBO7K8kdO9	3.4420586
LBO7NeZWR9	2.479484
LBO7Q4ZWr9	3.4519544
LBO7V5QWR9	4.1003275
LBO7Yz5nr9	2.8814433
LBO7Zg2nR9	3.205952
LBO7aW5nr9	4.849847
LBO7djqno9	3.6234992
LBO7lK9Eo9	2.715081
LBO7lx4mo9	3.181325
LBO7nVJdR9	2.8925612
LBO7vgB9R9	3.3314133
LBO7zYMqR9	3.1152318
LRx71e02rD	2.9534729
LRx76DPbrD	3.5928235
LRx76a3XrD	3.0649881
LRx77Yj1rD	2.7212818
LRx7GAA1rD	1.9102104
LRx7JpderD	3.2375944
LRx7K6kdrD	2.7524495
LRx7Ndd1rD	1.9518206
LRx7Nle2rD	3.041276
LRx7PjWgrD	3.8152897
LRx7X69brD	2.043722
LRx7Yj1DrD	3.6986005
LRx7ZBddrD	3.976542
LRx7aqdlrD	3.6833708
LRx7lGVdrD	3.0967572
LRx7p9VXrD	3.813777
LRx7y1BgrD	3.0538638
LRxN8BVloD	3.8458307
LRxNAPleoD	4.1033573
LRxNNLGmoD	2.9966798
LRxNNXxeoD	2.270229
LRxNQKMgoD	3.6672745
LRxNQQByoD	3.6133895
LRxNXGLDoD	3.0746636
LRxNXMDmoD	3.771276
LRxNZmY1oD	4.3569674
LRxNkNp2oD	2.5687716
LRxNkXPboD	2.6583068
LRxNkYQloD	3.7205095
LRxNn3P2oD	3.8766878
LRxNqNw2oD	4.2098365
LRxNqlmgoD	2.0631974
LRxNxNmloD	3.7391298
LRxNz4XgoD	2.2189202
LRxQ5Z8lOD	3.8191288
LRxQ7851OD	1.6874791
LRxQD59XOD	3.6561697
LRxQE8DyOD	3.3517835
LRxQKEZbOD	2.79632
LRxQLkPlOD	2.5242858
LRxQMZgDOD	2.8777716
LRxQN97DOD	2.1012805
LRxQP7vdOD	2.95686
LRxQVN8yOD	3.0735977
LRxQeZp2OD	2.9646719
LRxQj8dgOD	3.7126725
LRxQpJKbOD	2.7210922
LRxQq7pbOD	3.0781367
LRxQwXbyOD	3.4955556
LRxQxvByOD	3.4448142
LRxQzyegOD	2.9450302
LRxQzzqmOD	2.8499901
LRxX015DRD	3.5103884
LRxX7jGyRD	3.3946557
LRxXBvElRD	3.5546246
LRxXKx8bRD	3.283808
LRxXNb7dRD	3.8668015
LRxXQ9ZbRD	2.6122167
LRxXQe6lRD	3.5941114
LRxXQpa2RD	2.8764627
LRxXXb11RD	3.532596
LRxXkxxdRD	3.309053
LRxXn3YeRD	2.5263972
LRxXpJ5DRD	2.1384418
LRxXqmEDRD	3.1689587
LRxXvwwXRD	2.5299726
LRxXxQKgRD	3.039648
LRxXyM3lRD	2.1168132
LbOd1gDDoY	3.0244262
LbOd5aGPoY	4.4005547
LbOd5l8DoY	2.7059145
LbOd5qNeoY	1.6716533
LbOdJJPDrY	3.1871953
LbOdK45PRY	2.334544
LbOdKZQeRY	3.2341688
LbOdKbGMRY	3.5956657
LbOdPlP3OY	3.5112803
LbOdXNAPOY	3.1565104
LbOdeag3oY	2.7215025
LbOdjal4rY	3.8739307
LbOdze7PrY	3.7006876
LobD42GgRm	3.5361671
LobD4ABZRm	2.850865
LobD5bqZRm	3.013533
LobD8zDZRm	2.6288452
LobDG3KnRm	3.612332
LobDJ1V7Rm	2.9624026
LobDJ467Rm	3.8664677
LobDNP37Rm	3.2840862
LobDPpL4Rm	2.675415
LobDW7yaRm	3.1160378
LobDWDkVRm	3.283715
LobDd0gpRm	3.6164947
LobDgG6ZRm	2.2402084
LobDgm6VRm	3.2254193
LobDkKEgRm	2.2540936
LobDkm4nRm	3.4955373
LobDkpWZRm	3.769437
LobDmYwBRm	3.1274002
LobDwYpaRm	3.2570205
LobDxv5gRm	3.3911345
LobDyQ4gRm	2.917374
LobQ90KVOm	2.9379637
LobQBabpOm	3.6113768
LobQLXQ7Om	3.0842602
LobQW6ZVOm	2.5520008
LobQWD44Om	2.6211724
LobQlY7BOm	4.5837407
LobQnZLgOm	3.474187
LobQpvlnOm	3.7482734
LobQqAPVOm	3.4106886
LobQqDLlOm	2.72049
LobdDev7Rm	4.505515
LobdGxKyRm	3.2434602
LobdPVzZRm	2.718382
LobdQvBlRm	2.377589
LobdVGBZRm	3.434457
LobdXvvnRm	4.0570073
LobdjQnaRm	2.9325643
LobdkLlBRm	2.5773253
LobdkXkpRm	3.6399124
Lobdke4VRm	2.9172945
LobdkzA4Rm	2.7721777
LobdnbAlRm	3.9576886
Lobdnnz4Rm	2.9128127
LobdvmlZRm	2.712561
LobdxVEnRm	2.131952
Lobdxb3aRm	2.5352378
LobdyKWZRm	3.1572165
Lobn9ggyom	3.2435133
LobnBNe4om	3.1443245
LobnKk5Bom	3.913267
LobnLXPlom	2.8491411
LobnQ3zVom	3.2130408
LobnVaGgom	2.9426036
LobnY3YVom	1.8451499
LobnbNQ4om	2.7072165
Lobne9Kyom	4.6173124
LobnlVxaom	3.7206337
LobnmLVpom	3.3673332
LobnmLqgom	3.3226783
LobnxpPpom	3.76975
LobnzPl4om	2.9701054
LyRL0amqR2	2.2971041
LyRL3Vlqr2	2.8057027
LyRL5M7GO2	2.4733467
LyRL6QYyo2	2.8973837
LyRL7x3mr2	3.5350597
LyRLBPbGo2	2.7663586
LyRLDxJQR2	3.4205945
LyRLJd2mo2	3.4445605
LyRLJnzyo2	2.5685751
LyRLL22KR2	3.2063124
LyRLM80QO2	2.8896122
LyRLPW7yR2	3.5497525
LyRLQ0AQO2	3.9254773
LyRLXB5YR2	2.5153184
LyRLYblQO2	3.2059882
LyRLdz4ZR2	3.287271
LyRLeJxmO2	3.8625383
LyRLeZqGO2	3.4413955
LyRLen4LO2	3.1707885
LyRLmZ5yO2	2.8940725
LyRLnBkQo2	3.4513528
LyRLqKxqO2	3.7259066
LyRLqpMyO2	2.638237
Nop81lnloD	2.4203143
Nop81w7WoD	2.7501895
Nop87dJ1oD	3.1886377
Nop8Ky9NoD	3.3880215
Nop8LvJ1oD	3.058933
Nop8MXjjoD	3.22712
Nop8Mw7YoD	2.8708465
Nop8NpGeoD	3.8596694
Nop8YMQkoD	2.8639815
Nop8Ya2eoD	3.0467806
Nop8Z2JeoD	3.1063838
Nop8ZlQeoD	2.3709445
Nop8vX0KoD	3.239068
Nop8zBbxoD	3.9080627
Nop8zv2KoD	4.168534
NopJ7b1xRD	3.739128
NopJEbqjRD	3.893515
NopJM46NRD	3.3981822
NopJN5B1RD	4.855931
NopJX60xRD	3.1482253
NopJZkGKRD	2.956581
NopJmGklRD	3.0217805
NopJpp9lRD	2.0356953
NopJqxPeRD	2.81925
NopJxJgeRD	2.9738574
NopJy2aYRD	3.0187416
NopJynv1RD	2.8236217
NopP3QWWoD	3.3105474
NopP4yv1oD	4.190997
NopP5lMYoD	3.3614857
NopP6LLxoD	3.006753
NopP7wGNoD	3.747903
NopPV6LKoD	3.7560034
NopPVzd8oD	3.6771204
NopPXl2KoD	3.396684
NopPeeQloD	2.801761
NopPggGWoD	3.039825
NopPmYEWoD	2.3770514
NopPpWyjoD	3.0889587
NopPqBjWoD	4.092756
NopPqq7loD	2.7812102
NopPxkWxoD	4.074642
Nopz4K9YRD	3.2381616
Nopz78Q8RD	3.9264483
NopzAXDlRD	3.3049114
NopzDb7jRD	2.0992846
NopzEvL1RD	3.3583868
NopzJ3YkRD	3.2061992
NopzJA4NRD	3.650872
NopzJmBKRD	2.9512384
NopzWmAYRD	3.7143397
NopzjgeKRD	2.297616
Nopzjy48RD	3.556947
NopzmbYWRD	2.8756318
NopzxJdYRD	3.3025603
P5r404v1rK	3.5137975
P5r48Z2prK	3.000516
P5r4JAkPOK	1.7055683
P5r4KGPAoK	3.966346
P5r4MQ0xRK	2.854795
P5r4QQm1RK	3.274815
P5r4QegQRK	3.6968427
P5r4QlB7RK	3.8053524
P5r4awDaRK	3.8571723
P5r4kyBaoK	2.6938078
P5r4pnNprK	2.972319
Q3OP0AadON	2.8793807
Q3OP0Nk0ON	2.6678467
Q3OP18KzoN	2.6671953
Q3OP3GY4RN	4.106149
Q3OP4nLgON	2.7174447
Q3OP7WkzRN	2.9529874
Q3OPA7AVoN	3.821961
Q3OPDVaXON	3.546846
Q3OPDlQgON	3.665005
Q3OPDx01ON	2.7250826
Q3OPE4JXoN	3.4154348
Q3OPJQdVrN	2.2228599
Q3OPJW3drN	2.9836428
Q3OPX9dmON	4.079242
Q3OPYBqloN	3.3272426
Q3OPaxxXoN	3.8499777
Q3OPg8MdRN	3.5389252
Q3OPmPk1oN	3.7661538
Q3OPmxnVoN	3.7800295
Q3OPnDedrN	2.391201
Q3OPnzgvrN	2.7649183
Q3OPpG7dON	2.8152437
Q3OPw711RN	3.9352643
Q3OPwdezRN	2.528003
Q3OPwzGdRN	3.9041345
Q3OPx5lXON	2.6878498
Q3OPxXxXON	3.4597166
Q3OPxgGgON	2.8108003
QOz70yy3oZ	2.8234677
QOz77yZzoZ	2.9823525
QOz7MW53oZ	1.9014833
QOz7VxpKoZ	3.2655404
QOz7g1eYoZ	3.4188402
QOz7wdLeoZ	3.3297594
QOzK35jeoZ	2.6072266
QOzK4gYeoZ	3.1859627
QOzK9wyWoZ	3.5559375
QOzKDL12oZ	2.186741
QOzKDgjGoZ	3.2680137
QOzKMZQZoZ	3.344247
QOzKNaNzoZ	3.1591263
QOzKVL3DoZ	3.10722
QOzKbbPWoZ	3.036148
QOzKbd3WoZ	3.1453784
QOzKdEdGoZ	2.8967698
QOzKnnjKoZ	4.4173355
QOzKqaZKoZ	3.0767424
QOzKx0jzoZ	3.5901184
QOzKyd9KoZ	2.415109
QOzM0M3YRZ	2.9075325
QOzM1aNDRZ	3.4836175
QOzM2l73RZ	3.6349206
QOzM30zWRZ	2.2018032
QOzM9xmDRZ	2.791036
QOzM9z1DRZ	3.4033213
QOzMK2w3RZ	3.640161
QOzMN3aWRZ	2.4854276
QOzMNvgGRZ	3.758653
QOzMQvaDRZ	3.444133
QOzMaKQDRZ	2.7730925
QOzMbQBDRZ	2.6237416
QOzMjP7YRZ	3.09951
QOzMjaKZRZ	3.5359316
QOzMmLQzRZ	1.8887328
QOzMvnAGRZ	2.605965
QOzMyWL3RZ	3.3314087
QOzn7kzYOZ	3.6443048
QOznKd03OZ	4.0089693
QOznKyX2OZ	2.8239245
QOznPJbWOZ	2.7425804
QOznPb6eOZ	4.173465
QOznWqDGOZ	2.5555308
QOznbNa3OZ	2.4320395
QOzndam3OZ	3.020375
QOznkwDWOZ	3.3176754
QOznnWk2OZ	3.3728943
QRMJ4v9xOY	2.9881165
QRMJBKWlOY	3.0276787
QRMJE3a7OY	4.0667005
QRMJJynpOY	2.6286857
QRMJMMExOY	3.1087985
QRMJe7zmOY	4.0934553
QRMJgD3WOY	2.7965658
QRMJnYpYOY	4.110012
QRMJqEyNOY	3.5919335
QRMJyQ4pOY	2.7434158
QRML6KpYrY	3.3343925
QRML6gwjrY	2.0208657
QRMLJ4p7rY	2.6189852
QRMLJ5YlrY	3.025884
QRMLL72zrY	2.3955464
QRMLNDqlrY	3.8905044
QRMLNxabrY	3.550406
QRMLWLGYrY	3.067346
QRMLeqBbrY	2.3613162
QRMLyLpjrY	3.7575283
QRMLzgmprY	2.9638772
QRMLzjYlrY	2.5597477
QRMV3aMxOY	3.0336337
QRMV4bMzOY	2.6305058
QRMV7g7NOY	2.8610165
QRMV9V9xOY	4.20908
QRMVAxelOY	2.2526197
QRMVBnybOY	3.8953838
QRMVEzP7OY	3.2251568
QRMVKlXmOY	3.1873806
QRMVMGqzOY	2.348333
QRMVNNwjOY	3.570205
QRMVYBQmOY	3.877144
QRMVYK17OY	3.20811
QRMVZ3YWOY	2.938439
QRMVd0BxOY	4.45137
QRMVjgNzOY	2.948873
QRMVlNyYOY	3.8237927
QRMVmE6jOY	3.7782204
QRMVnDDbOY	3.2141585
QRMVqDmxOY	2.7925625
QRMVzE7lOY	2.9214892
QRMVzyXzOY	3.0159628
QRMp7DNlrY	2.235542
QRMpA0v7rY	2.5389397
QRMpAm3zrY	3.8484445
QRMpB0mYrY	2.9883301
QRMpBB2lrY	3.631102
QRMpMm9zrY	2.8456445
QRMpN9WxrY	3.3341463
QRMpV41NrY	4.0087404
QRMpW7NNrY	3.0074403
QRMpXLaNrY	2.5874681
QRMpXy3xrY	3.4048364
QRMpebLlrY	3.7415226
QRMpepwYrY	3.347602
QRMpj9vlrY	3.8291674
QRMpjmBWrY	2.571799
QRMpk0ZxrY	3.9818697
QRMpnGAlrY	2.099185
QRMpnKqmrY	2.1532578
VLRx0VnlRD	3.2934947
VLRx0qp1RD	2.026388
VLRxBJGboD	4.1084957
VLRxKXverD	2.9673004
VLRxMxKbOD	3.0338345
VLRxN58moD	3.0518734
VLRxQG0yOD	2.0730526
VLRxQGmbOD	3.6504018
VLRxQZ7lOD	3.146148
VLRxQbPyOD	3.712372
VLRxV3NyoD	2.816182
VLRxVz1goD	2.6005387
VLRxWQeyrD	2.493499
VLRxZEymoD	3.72743
VLRxp62eRD	3.6904376
VLRxplkyRD	3.0785358
VLRxy4DgOD	3.198948
VLRxzLLgoD	2.7565482
VRjD1zn8oz	4.004245
VRjD27YKoz	2.9058712
VRjD310doz	2.2875605
VRjDNkgnoz	4.1777883
VRjDbbg9oz	3.0970914
VRjDdKNqoz	4.02493
VRjDgZ94oz	3.0311227
VRjDn1vVoz	3.1008954
VRjDpde2oz	3.2342706
VRjDqkpdoz	2.304979
VRjW3P8ZOz	3.8171322
VRjWGb84Oz	3.5784342
VRjWNL54Oz	2.617057
VRjWWBlnOz	2.692173
VRjWYdmqOz	2.5114448
VRjWgMd4Oz	3.0981839
VRjWkqQKOz	2.7255816
VRjZ0xjGRz	4.309963
VRjZ3dYZRz	3.346312
VRjZ3wyqRz	2.8783123
VRjZVb3nRz	2.8081474
VRjZWK8VRz	2.6207612
VRjZWQP9Rz	2.7128513
VRjZe9JVRz	2.333402
VRjZm5JdRz	3.5650713
VRjZw8EVRz	1.9658408
VRjZwDDdRz	3.0093377
VRjZwvKKRz	3.25509
VRjZx3dZRz	3.6359127
VRjZyje9Rz	3.2639847
VRjZzwynRz	2.5081096
VRjm678nrz	3.4694529
VRjm8Jj4rz	4.107177
VRjm9679rz	4.3644423
VRjmBq5Vrz	2.5764296
VRjmE6J2rz	2.9459274
VRjmJ9e4rz	2.7420585
VRjmNjJ9rz	2.981376
VRjmQBxqrz	2.7201543
VRjmVkqVrz	2.983144
VRjmZxL9rz	3.8891857
VRjmap89rz	2.8868093
VRjmg2y4rz	2.8580077
VRjmk9zKrz	3.2401981
VolL4qPZoB	4.1992784
VolL575qoB	3.6234915
VolL5AyZoB	3.307493
VolLA0J9oB	3.670884
VolLB6PBoB	3.0764637
VolLDVZkoB	3.502194
VolLKAvkoB	3.8322182
VolLPm9ZoB	3.7429786
VolLVZ8YoB	2.609613
VolLXMbyoB	2.5774944
VolLeqLYoB	3.2772968
VolLg1JkoB	4.118866
VolLn07aoB	4.0594416
VolLpVgkoB	3.8853347
VolLwAq9oB	3.9621842
VolLyaGBoB	3.6110237
Vola4g9arB	1.8068445
VolaL34ZrB	3.0841885
VolaL6kYrB	2.9123654
VolaLWaZrB	2.9061503
VolaV93yrB	3.6131806
VolaVjMprB	2.8163888
VolaYwdZrB	3.5319061
VolaYyEprB	2.908386
VolaZ93prB	3.1840508
VolaZ949rB	2.8375897
VolaZJD7rB	2.9979606
VolaZKwYrB	3.9894934
Volaj2ANrB	3.6644604
VolakvGZrB	2.9895566
Vold22VNoB	3.034924
Vold37daoB	4.0619617
Vold7yLBoB	3.396585
Vold8g2NoB	3.7918315
Vold9bNaoB	3.3006876
VoldD1MZoB	1.9042382
VoldE62poB	3.575698
VoldJnpNoB	3.6056201
VoldLpjpoB	3.340431
VoldMVgBoB	3.1923254
VoldVklYoB	4.0448856
VoldZegBoB	2.6462803
VoldaPJYoB	3.4785078
VoldkEJNoB	1.9537007
VoldlbaaoB	2.9977632
VoldmVP9oB	2.4962554
Voldnep9oB	3.1736195
VoldpApNoB	3.298833
VoldpWvqoB	2.9877148
Volj0qlNRB	2.7795808
Volj6LK7RB	2.2493093
Volj6pn7RB	4.1194625
VoljKL5YRB	3.4638896
VoljNA7yRB	3.5392425
VoljYydBRB	4.4353104
Voljj38aRB	3.8089552
VoljpA7YRB	2.523786
VoljqlpqRB	2.9532964
Voljx7VkRB	2.1643283
WZrN0K94O9	2.9060788
WZrN1wjPo9	2.3157802
WZrN39XQR9	2.636123
WZrN3zYXR9	2.8753836
WZrN4LxgO9	2.4786093
WZrND6VQO9	2.6873984
WZrNQBzdo9	3.0054843
WZrNQNgXo9	3.243083
WZrNg4BxR9	3.406509
WZrNjEV5r9	3.1388488
WZrNjJlnr9	3.587126
WZrNp6vnO9	3.7121117
WZrNqVMgo9	3.6593554
WZrNqxGno9	3.4065506
WZrNzEQ1r9	2.47579
WZrNzYedr9	3.0132694
Xo1Q22eDoy	2.3519292
Xo1Q26Ekoy	2.892978
Xo1Q2ZE0oy	3.14753
Xo1Q2eM1oy	2.5603948
Xo1Q515poy	3.0558443
Xo1Q53vpoy	2.2822757
Xo1Q5lEjoy	2.5932178
Xo1Q9JbDoy	3.3413665
Xo1QE7Jjoy	2.846689
Xo1QQNWxoy	3.0778599
Xo1QkwMxoy	2.2771952
Xo1Qq4PVoy	3.788482
Xo1Qq87poy	3.9524791
Xo1Qzl20oy	2.640396
Xo1Y0Ba0oy	4.0068145
Xo1Y3q92oy	2.2149484
Xo1Y5G4joy	2.6058123
Xo1Y67kVoy	3.5107381
Xo1Y8Dz0oy	3.3232298
Xo1Y9zMEoy	3.0021613
Xo1YMkkVoy	2.5930903
Xo1YQKD2oy	3.4741905
Xo1YQddxoy	3.8998032
Xo1Yaw8Eoy	4.197817
Xo1YjY3joy	3.448565
Xo1Yjk4Doy	2.50378
Xo1Yq9avoy	3.3706465
Xo1YwYqxoy	3.3292542
Xo1Ywalxoy	3.6964996
Xo1Ywbp0oy	2.799798
Xo1x08bvOy	4.449549
Xo1xEBMDOy	3.5184157
Xo1xGmlEOy	3.4811463
Xo1xKJBpOy	2.663788
Xo1xNYZjOy	3.2331321
Xo1xWY01Oy	3.1412747
Xo1xdz4VOy	2.5147164
Xo1xjVKEOy	2.2223597
Xo1xlQ6jOy	2.6419697
Xo1xlapjOy	3.711643
Xo1xmbppOy	3.0178115
Xo1xnxJEOy	3.6246197
Xo1y17x0oy	2.8983107
Xo1y5kQvoy	3.3625689
Xo1y91QDoy	2.611841
Xo1yLYa1oy	4.1701565
Xo1yNz6voy	4.660709
Xo1yWgPxoy	3.3698144
Xo1yYV20oy	2.7402587
Xo1yZqaVoy	3.6314814
Xo1yb1Wkoy	2.1020856
Xo1ymq41oy	3.7085178
Xo1ypn8Doy	2.4907234
Xo1yxEyxoy	2.4334855
Xo1yyZk0oy	1.833401
YQOz7j9ZoZ	3.0783389
YQOz85YDrZ	3.0688727
YQOzBJNGOZ	3.4489095
YQOzV52WOZ	4.0506988
YQOzX47DrZ	3.180039
YQOzXEG3rZ	3.9645383
YQOzYkNERZ	3.9584618
YQOzjyWOZa	2.7090988
YQOzlDWErZ	4.4300466
YQOzlmEYrZ	4.0981884
YQOzn32YOZ	2.1874719
YQOznYg2OZ	3.9602842
YoeGG07LRL	3.1073048
YoeGJ3PMRL	3.1927688
YoeGXpPeRL	3.730069
YoeGXx66RL	3.2091181
YoeGXyneRL	3.6651018
YoeGaXDbRL	1.8581934
YoeGd9JXRL	3.0864613
YoeGdd4qRL	3.3357947
YoeGePDERL	3.3442686
YoeGjq9pRL	2.4503615
YoeGvqEbRL	3.1847558
YoeGxMgqRL	2.5318177
YoeGxmGERL	2.6195443
YoeGy1QpRL	3.8280642
YoedDqyMOL	2.6645312
YoedL30eOL	1.9926883
YoedNKZpOL	2.5975716
YoedWXypOL	3.485353
YoedXe2EOL	4.036921
YoeddappOL	2.2901065
YoedgBvqOL	3.8632731
Yoem1AdpoL	2.0303264
Yoem1XBPoL	3.8871243
Yoem45qpoL	3.0456707
Yoem515boL	2.8544874
Yoem7NXboL	2.681902
Yoem8Z9PoL	3.8514996
YoemA12EoL	3.0541277
YoemBdpPoL	2.9718726
YoemMBvLoL	2.719925
YoemQj06oL	3.9597528
YoemZE3woL	2.0546618
YoembQ0woL	3.1134834
YoemegneoL	3.461557
Yoemjda6oL	3.3497267
YoemlJlLoL	3.8068907
YoempM7MoL	2.6828907
YoemxMm6oL	2.782812
Yoew1nK6RL	2.7456875
YoewD27PRL	2.760355
YoewDnVXRL	3.208552
YoewE6KbRL	3.800613
YoewGZbPRL	3.9359035
YoewNgALRL	3.5999115
YoewV5npRL	2.7267659
YoewVpGpRL	3.743519
Yoewqv1wRL	3.731497
YoewzZlpRL	2.8918097
ZrN37DAXR9	1.9870385
ZrN3D7p5R9	3.3533463
ZrN3PyDPR9	3.0875952
ZrN3QJdnR9	2.2910917
ZrN3VeAdR9	4.1136475
ZrN3W3KnR9	3.5286384
ZrN3X6VQR9	3.2309859
ZrN3Xd21R9	4.28478
ZrN3lLWxR9	3.0302184
ZrN3lX0xR9	3.3912463
ZrN3pgpgR9	2.6098402
ZrN3xZ85R9	3.4829085
ZrNg35MnR9	2.4073043
ZrNg79pgR9	2.4533591
ZrNgAXjQR9	2.964673
ZrNgBYDQR9	4.2073855
ZrNgEGv5R9	2.9559588
ZrNgEdxxR9	2.4602506
ZrNgG0V5R9	4.2565355
ZrNgG95dR9	3.1916988
ZrNgGN7PR9	2.2718384
ZrNgL614R9	3.5502715
ZrNgM8jwR9	3.5946455
ZrNgNgqwR9	3.1876976
ZrNgQPN4R9	3.302454
ZrNgeNqxR9	3.4176712
ZrNggNgnR9	3.2700968
ZrNgglKwR9	3.1146748
ZrNgnm9XR9	2.4169605
ZrNgwyzgR9	3.546258
ZrNgyYzXR9	4.1509695
ZrNk33MQR9	2.9684892
ZrNk34ZdR9	2.3325262
ZrNkD2M4R9	3.7734346
ZrNkKp0gR9	4.079831
ZrNkQkMXR9	3.281858
ZrNke5MdR9	3.1041465
ZrNkeyVgR9	2.0019937
ZrNkgLb4R9	3.2057004
ZrNkgM41R9	3.8659487
ZrNkgVGXR9	2.5623422
ZrNkkgK5R9	2.3705883
ZrNklegxR9	4.264965
ZrNkmVMgR9	2.8144338
ZrNkmjB5R9	2.5907214
ZrNkmvyXR9	2.253434
ZrNkvDNgR9	3.6645572
ZrNkvJgxR9	3.743645
ZrNkve75R9	2.9670455
ZrNkz6EQR9	2.6770184
ZrNz09pwr9	3.542794
ZrNz1Y9gr9	1.9997092
ZrNz3pQQr9	3.4882023
ZrNz5gJgr9	2.067972
ZrNz96Xnr9	2.6796372
ZrNzB0z5r9	2.9186304
ZrNzNvm5r9	3.1210308
ZrNzP9l4r9	3.996179
ZrNzYEenr9	3.668499
ZrNzZb41r9	3.6888304
ZrNzwE1nr9	3.4232385
ZrNzy4anr9	2.6383517
a3rK0KGGRD	3.1235898
a3rK1q93OD	4.068885
a3rK2XJZoD	2.8618023
a3rK2Zj7oD	3.0923254
a3rK6w6KoD	2.5838323
a3rK9BLYOD	3.1108704
a3rKA0nZOD	3.5621822
a3rKAkJ8OD	2.2944386
a3rKAnJ7OD	3.7809474
a3rKApdZOD	2.9499884
a3rKB8pYoD	2.9014044
a3rKJAeKoD	2.6296184
a3rKQ4d8OD	2.8776093
a3rKVLYBoD	3.2023177
a3rKX7MwRD	3.4418502
a3rKXYa3RD	2.61724
a3rKXam7RD	2.2975283
a3rKYbgKOD	1.9937389
a3rKkDz7rD	3.6295586
a3rKkWmKrD	3.0682676
a3rKm613OD	4.1447825
a3rKnpXYoD	4.177666
a3rKv4M7oD	3.3431032
a3rKxw6KRD	3.9612136
a5o033jJOg	3.1055567
a5o039nZOg	4.2345104
a5o045kDog	2.4971118
a5o04ppNog	3.1893327
a5o05Xzkrg	3.4181252
a5o06VJZRg	2.9829524
a5o0KWnQOg	3.5889356
a5o0MwQ1rg	2.797398
a5o0VkQkRg	2.4952006
a5o0X23Nog	2.832313
a5o0a0Lkrg	2.85262
a5o0bEk7Rg	3.2465787
a5o0dvDNog	4.0320954
a5o0kAMPOg	1.892599
a5o0qEePrg	3.1681192
aRa025ebrV	3.5870733
aRa04VMlrV	3.8603537
aRa08LWDrV	3.3057961
aRa08y5jrV	2.9357777
aRa0G58jrV	2.5426676
aRa0MJ7zrV	3.458437
aRa0NJgqrV	3.871148
aRa0PmJkrV	2.2707787
aRa0VgkzrV	4.1202326
aRa0awakrV	3.3609593
aRa0lG1jrV	3.4607449
aRa0wpYkrV	3.314839
aRad5W5lrV	4.064592
aRadDpjLrV	3.7261906
aRadE1nLrV	3.0576375
aRadGb1NrV	3.8342195
aRadN9VkrV	3.0826619
aRadWlPNrV	3.3202412
aRadaBK3rV	3.0295336
aRadbkqkrV	3.093667
aRaddM5nrV	3.0210664
aRadlANLrV	2.9754317
aRadlEbnrV	3.772424
aRadmxNnrV	2.583186
aRadnllnrV	2.3025901
aRadpP8NrV	3.1716137
aRadwELzrV	3.1640575
aRadzY8jrV	2.6085236
aRal0z5lrV	2.8378625
aRal3nglrV	3.7893422
aRal3njjrV	3.3464687
aRalAvxkrV	2.7641435
aRalBYPDrV	4.3856654
aRalDlvLrV	2.5179615
aRalEVAlrV	3.263767
aRalYLAzrV	3.4861262
aRalbKwNrV	3.0373673
aRalqEKzrV	2.743434
aRalqKLnrV	3.5676212
aRalvBEqrV	2.816202
aRalvzpqrV	3.370736
aRalzXZNrV	3.8990695
aRaw4E1qoV	2.7676294
aRaw7Z53oV	2.358416
aRawB04DoV	2.7662878
aRawB8KnoV	2.9942515
aRawLDljoV	3.154299
aRawLg0DoV	2.3932981
aRawNbLnoV	2.7904031
aRawQDlzoV	3.23454
aRawWqPkoV	3.8621829
aRawXKGkoV	3.4694984
aRawXwNloV	3.7401805
aRawXzEboV	3.4157288
aRawelPloV	3.839929
aRawl4vqoV	3.8030725
aRawlPPkoV	3.6825624
aRawlQGNoV	3.232237
aRawqV6LoV	3.736744
aRawyBNnoV	4.1898785
aRawyX8loV	2.8343642
aRawzX8noV	3.0189996
aoWV0Xz3OB	3.2196987
aoWV0zkXOB	2.487984
aoWV41YXOB	3.6371415
aoWV57QjOB	3.2516153
aoWV5M9jOB	2.0544105
aoWV8X0JOB	2.8140018
aoWVAWBJOB	3.2518423
aoWVN7GXOB	3.1920745
aoWVP7zMOB	3.2997992
aoWVPbmXOB	2.786039
aoWVYMLmOB	2.8350942
aoWVZDl3OB	2.380103
aoWVawBmOB	2.4964585
aoWVb7lbOB	3.8192208
aoWVbMWNOB	3.1027884
aoWVdPVbOB	2.9730427
aoWVgexNOB	2.7081547
aoWVjYEbOB	2.950263
aoWVk8e3OB	3.5947754
aoWVkGqJOB	3.7190773
aoWVlPX5OB	3.3187008
aoWVmBkJOB	4.1315722
aoWVpvvqOB	3.2334573
aoWW09JboB	3.3036501
aoWW0jWgoB	2.526136
aoWW32eMoB	3.8398786
aoWW3JqboB	3.1925154
aoWW3adgoB	3.516517
aoWW3xpJoB	3.248829
aoWW6LWqoB	3.4584067
aoWW79MNoB	3.1961536
aoWW7pkMoB	3.1439753
aoWWVDX5oB	2.8295052
aoWWVK9boB	2.7985215
aoWWWZ4MoB	3.6986973
aoWWWyLMoB	2.9837697
aoWWdA8NoB	3.1210942
aoWWdq75oB	2.3152862
aoWWe30boB	2.9609828
aoWWep7joB	3.7363017
aoWWeyXXoB	2.698735
aoWWgWzgoB	3.8457134
aoWWgezgoB	2.0837705
aoWWglE5oB	3.4108832
aoWWkBz3oB	3.0085824
aoWWmL1joB	3.8507335
aoWWmY8JoB	3.0648184
aoWWp4gboB	3.6115572
aoWWp7qmoB	3.2006721
aoWWpKyNoB	4.5198603
aoWWwKVJoB	4.0048466
aoWg19MMoB	3.6037939
aoWg23DMoB	3.9666152
aoWg55xmoB	3.9524536
aoWg62wqoB	2.8502238
aoWgJ823oB	2.2444465
aoWgLYzMoB	3.9391139
aoWgM4NqoB	3.0860424
aoWgPMjqoB	2.7079854
aoWgXWjXoB	3.6202967
aoWgalbgoB	3.9057243
aoWgg9gboB	3.0134573
aoWgpLaqoB	3.414415
aoWgqDMJoB	3.163056
aoWgvyPXoB	2.6133218
aoWgwznqoB	3.3055692
aoWgzJwboB	3.1284714
aoWp0WmJrB	3.9819005
aoWp1ZlMrB	3.180781
aoWp3WD3rB	2.3174448
aoWp3k4qrB	2.9546945
aoWp4ek3rB	3.5165582
aoWp6gPNrB	3.6850762
aoWp942mrB	2.7787738
aoWpBXYJrB	3.3394666
aoWpDjJbrB	3.8223453
aoWpDzy5rB	2.6642451
aoWpEwK5rB	3.7454562
aoWpMyqJrB	2.9072776
aoWpV9gJrB	3.7309446
aoWpYpPNrB	3.2095456
aoWpbAyMrB	3.1168106
aoWpbNy5rB	1.9421109
aoWpgEkgrB	3.063689
aoWpgLkjrB	3.8208416
aoWpgpb5rB	2.7354257
aoWpj7EXrB	3.914465
aoWpkKdjrB	2.8395767
aoWppvD3rB	3.4208715
aoWpqG8jrB	4.0086756
aoWpv8JbrB	2.8534594
bEow0D7lrq	2.2900023
bEow15bVRq	2.1108816
bEowEmbARq	3.9563227
bEowLL3Jrq	3.745601
bEowQY4GRq	2.5188744
bEowQpNARq	3.309815
bEowV7KWOq	2.4708443
bEowVNdZOq	2.884195
bEowkz2Aoq	4.2233744
bEowp7Zrq1	3.0479236
bEowv2YyOq	4.14099
bEowwM4Loq	3.6298301
bEowwY0Loq	3.5445697
bEowwnMWoq	3.4661748
bEowwxgMoq	3.3975801
bOd46ejDOY	3.3866584
bOd46pZ8OY	2.9515803
bOd47q73OY	2.031823
bOd4AYpeOY	3.8842812
bOd4EPgeOY	3.7436922
bOd4Eb2DOY	3.1449442
bOd4Ex2qOY	3.6898994
bOd4M941OY	2.9302092
bOd4ZP2POY	2.615022
bOd4bGqqOY	3.0366135
bOd4bZp0OY	2.8812785
bOd4kWbeOY	2.4752326
bOd4kvk3OY	3.6870887
bOd4xENDOY	3.5239918
bOd4y6WMOY	3.3503776
bOd4ybW4OY	3.0705743
bOd70D4DRY	3.4950233
bOd71Ea1RY	3.5283847
bOd75JG1RY	2.8473368
bOd75PmeRY	2.7860503
bOd75nL0RY	3.8081975
bOd7JQP0RY	3.2084064
bOd7N3w8RY	2.2446816
bOd7XMbDRY	4.35487
bOd7dDpDRY	2.9683192
bOd7dE00RY	3.472377
bOd7djx8RY	2.4611006
bOd7nnE8RY	2.4067593
bOd7w3w0RY	4.171943
bOd7x51MRY	3.5669649
bOdj3V7arY	3.556952
bOdj3qqMrY	3.1450896
bOdj8xZ3rY	3.8447633
bOdj9mg8rY	2.7425928
bOdjW8gerY	3.9621723
bOdjXPAarY	3.457534
bOdjdVb8rY	3.2012594
bOdjl8d8rY	3.1152008
bOdjz9w3rY	3.8475416
bOdz14aPrY	3.8012598
bOdz2pzerY	3.3601584
bOdz4318rY	2.6710963
bOdz6Qk1rY	2.8177125
bOdzBvN0rY	3.1038516
bOdzKJw8rY	2.6165617
bOdzKpyerY	2.4025624
bOdzQN3DrY	3.1351175
bOdzW8NPrY	3.654725
bOdzWJmPrY	3.901374
bOdzWbG1rY	2.9689634
bOdzaPYarY	1.6734238
bOdzewnMrY	3.8206878
bOdzyLJarY	2.1812427
bXo12kDEry	3.0912418
bXo13j7pRy	4.257865
bXo151Y0oy	2.1974747
bXo168kDry	2.9547136
bXo1Dg02Oy	2.3120441
bXo1Ke8kRy	2.5890813
bXo1LXBVOy	2.6994092
bXo1M6A2oy	3.7478316
bXo1NPb1ry	2.5621624
bXo1V03Dry	2.8515089
bXo1VP50ry	3.8238008
bXo1W5ekRy	3.3431752
bXo1X66pOy	2.508551
bXo1Xqd2Oy	3.2207296
bXo1Xz60Oy	2.7973392
bXo1YPl2oy	3.4286387
bXo1ZL4Dry	2.7386723
bXo1d4xxOy	2.0119967
bXo1g02DRy	2.4056
bXo1jZgjry	3.1705518
bXo1l3X0Oy	4.804167
bXo1lDvxOy	2.523395
bXo1lJlxOy	2.5173602
bgo64NVzRa	2.427801
bgo68lMzRa	3.435619
bgo6BN06oa	3.5403423
bgo6E2J6Oa	3.973523
bgo6EX65Oa	3.1191213
bgo6EnNbOa	3.8110158
bgo6Ey3gOa	3.4334548
bgo6EzQ6Oa	3.2921615
bgo6MXwbOa	4.208817
bgo6PeMgRa	2.8567517
bgo6QMayOa	3.3437917
bgo6X9dbRa	3.9489152
bgo6XWLbRa	2.401522
bgo6XmagRa	2.2009268
bgo6eaJ6Oa	3.8347127
bgo6gv2yra	3.5230932
bgo6m1jgOa	2.1030314
bgo6nBLPoa	3.1530523
bgo6vvgyoa	3.9525135
bgo6wbv6ra	2.7372727
bgo6wygzra	2.9462562
bgo6yg4bOa	2.6033537
bgo6ykvqOa	3.2926698
dvrm04aao7	3.6375196
dvrm3LDAO7	3.036684
dvrm4q4lo7	3.842498
dvrm6kG2R7	3.0304012
dvrm6mbmR7	3.9167135
dvrm83n4o7	2.0714874
dvrmAwPLr7	2.8152258
dvrmBLalR7	2.9965317
dvrmEEmKr7	4.450911
dvrmGqj4O7	2.4293444
dvrmKAnLO7	3.6493964
dvrmKdlmO7	2.926867
dvrmNGALR7	3.5113366
dvrmNlNmR7	3.4525452
dvrmQBbwr7	3.6183739
dvrmZ7daR7	3.1905694
dvrmaW04r7	2.9678712
dvrmjY34R7	2.744389
dvrmke7lO7	3.0185351
dvrml7awo7	3.9453404
dvrmlWvwo7	2.6576014
dvrmlXXLo7	2.9474816
dvrmmGV2r7	2.8659344
dvrmqDdlr7	3.0506384
dvrmvEm4R7	2.8648107
dvrmveq2R7	2.6740823
dvrmvyWPR7	3.2490416
dvrmwb8AO7	3.3977265
dxoJ4DlZRQ	3.1641564
dxoJ9dN1OQ	2.4631536
dxoJAgamOQ	2.7123675
dxoJG2wprQ	3.9685528
dxoJJ12ZoQ	3.714584
dxoJKDDmrQ	2.411022
dxoJQl0GOQ	3.1609273
dxoJWbE2rQ	3.9101741
dxoJYmbZOQ	3.1830385
dxoJaXwmOQ	4.342604
dxoJdZQ9RQ	3.7875793
dxoJgMjZrQ	3.7955723
dxoJgkB0rQ	3.4151573
dxoJgxxwrQ	3.872823
dxoJgyb2rQ	4.333332
dxoJjPlpoQ	2.5756638
dxoJjZN2oQ	2.7824738
dxoJjdl1oQ	2.2435896
dxoJjkkDoQ	3.0310729
dxoJkEpwrQ	2.9652948
dxoJkx8DrQ	2.8679457
dxoJlb9GRQ	3.2129416
dxoJnMKpoQ	3.0232956
dxoJq1LpOQ	3.3155642
dxoJv6XDoQ	2.994911
e1oZ35NlrK	4.2183695
e1oZ5MbgOK	3.1691422
e1oZ6EMdoK	3.7002177
e1oZ8bbxRK	2.6509752
e1oZ8e8gRK	2.5745308
e1oZDGl3RK	3.0088203
e1oZE1W3OK	2.5642216
e1oZJQ86oK	1.9471575
e1oZZ2WoKL	3.5442545
e1oZyVK6OK	2.1194172
e1oZyn23OK	3.8754904
e1oZzvA6oK	3.6069767
eKoDAnzEr3	3.2455297
eKoDDKb1o3	4.0276055
eKoDG6JDO3	1.9266044
eKoDGlZnO3	2.6027923
eKoDJMyDR3	3.0210598
eKoDKe11O3	1.9224757
eKoDP9Yvo3	3.6299288
eKoDQqk1r3	3.3561265
eKoDV4NER3	3.4880702
eKoDVeZ1R3	2.9276383
eKoDXaW6o3	2.3875785
eKoDaNEvr3	3.1069355
eKoDaa8Er3	2.719878
eKoDkJdEO3	3.5057569
eKoDnxkpR3	3.68741
eKoDxNpo37	2.7640471
gJRE0ZeJrq	2.1360934
gJRE31Z1oq	2.5067496
gJRE44Bjrq	3.068416
gJREAmaZRq	2.5125318
gJREDEWYrq	3.8913
gJREGdPzoq	3.68041
gJRELYYjrq	2.7480998
gJRELndYrq	3.3882585
gJREb8BmOq	2.1720445
gJREbZ2jOq	2.6013646
gJREbjqjOq	3.080644
gJREmJLJRq	3.4891045
gJREmlEaRq	3.5535653
gJREmnY2Rq	3.7350519
gJREnYqmOq	4.4782023
gJREyJMPRq	3.175265
gJREzyEYOq	2.1832116
gJoy2wdBr9	3.5874913
gJoy3wwnR9	3.9210067
gJoy4djnO9	2.6576574
gJoy4yk0O9	3.1485445
gJoy8m7VO9	2.567169
gJoy9d20o9	2.42054
gJoyBqmLr9	3.220932
gJoyD03nO9	3.1608982
gJoyE1Lo9W	3.7672508
gJoyG0BR9W	2.968836
gJoyP8E7O9	3.0370097
gJoyP9b4O9	3.2552722
gJoyPlanO9	3.568842
gJoyPzk7O9	2.4927342
gJoyWNJXR9	4.8412776
gJoyWePLR9	3.2903028
gJoyXlwkO9	2.498525
gJoyZ0m0r9	2.9757035
gJoyZDJLr9	3.2883778
gJoyd5l4O9	3.6183567
gJoynyYXr9	2.5383003
gJoyy7Q7o9	2.4592507
gJoyyWk7o9	2.7348351
gJoyydGno9	3.1891882
go6205gmoa	3.2007732
go620Z1yoa	3.7314394
go622j65oa	3.3151236
go625d8yoa	4.145472
go626g3yoa	3.5480077
go628xlqoa	2.7855766
go6290Vqoa	2.823331
go62B5a6oa	1.9230536
go62GAPaoa	2.6012387
go62GlZzoa	3.963316
go62J59goa	3.2857013
go62N5n6oa	2.9867082
go62P71Boa	3.6870227
go62Vp5aoa	3.6730819
go62VpZBoa	3.3802674
go62aM8moa	2.4688318
go62mxzzoa	2.7278447
go62n6MPoa	3.9804854
go62pMWboa	2.3350844
go62qY7Boa	3.088912
go62v8Gyoa	3.2218385
go640AgPRa	2.6621094
go6452GPRa	4.013376
go64620qRa	3.491245
go6477lPRa	3.0591645
go647ALgRa	2.381573
go64BJBaRa	3.8625739
go64E2k6Ra	3.2073522
go64EW9gRa	2.8744547
go64KgWzRa	2.532749
go64M9laRa	2.7744532
go64QKlbRa	3.2698011
go64V4n6Ra	3.6552522
go64YdJBRa	2.6382265
go64j2JyRa	3.0981965
go64k5zbRa	2.4791038
go64mGeaRa	3.0250673
go64nbdPRa	1.8055513
go64xlLPRa	3.236483
go64ynxPRa	3.5998988
go6a6MNzOa	3.484107
go6a7y6yOa	2.8860197
go6aGjVqOa	3.2020364
go6aP6qzOa	3.9404914
go6aVQjbOa	2.6315467
go6aVvebOa	2.7354095
go6aYqQbOa	3.043017
go6aZLnbOa	2.5966477
go6aZNdyOa	3.2303457
go6aaqG5Oa	2.5467956
go6alJ2bOa	3.860819
go6av7APOa	3.0697107
go6ax8N5Oa	3.1293461
go6e9BJyOa	3.5299659
go6eJEpyOa	3.2179697
go6eW8B6Oa	2.755117
go6eWLkbOa	2.9272301
go6eWdPPOa	3.0548763
go6eeN8mOa	2.0245886
go6egwW5Oa	3.5263324
go6ev3xbOa	3.1837196
go6ev4AyOa	3.232348
go6evAv6Oa	3.788137
go6evL4aOa	2.0479536
go6evL6qOa	2.0765488
go6ez2P6Oa	2.8097734
jR220kLQRM	4.0995646
jR2216bmRM	4.1383624
jR222b7ZRM	2.907947
jR223jnMRM	3.8751957
jR226qYnRM	3.261985
jR2277qNRM	3.341609
jR22B6zPRM	4.190791
jR22BA8NRM	3.408419
jR22BgbMRM	3.0584543
jR22DyDnRM	2.175194
jR22Dye8RM	3.8075464
jR22EbPnRM	2.5748763
jR22G09ZRM	2.8813121
jR22MJdZRM	3.4211571
jR22NZpmRM	3.1936452
jR22PVeMRM	3.2522888
jR22QgvmRM	3.3198724
jR22QjWNRM	4.1527953
jR22YEpWRM	3.9544046
jR22YV94RM	3.089476
jR22e5Y4RM	2.4865773
jR2G0DZQOM	3.4796493
jR2G0pMMOM	3.2240312
jR2G27W8OM	3.098126
jR2G36JWOM	2.2446222
jR2G9V58OM	2.7629688
jR2G9lE4OM	3.7141147
jR2GGab8OM	2.1371899
jR2GKW3POM	3.1877213
jR2GKygNOM	4.0312505
jR2GV09KOM	2.5917904
jR2GWXn8OM	3.679576
jR2GXDZ4OM	3.6013126
jR2GbD3WOM	3.1939173
jR2Gda8MOM	4.1412973
jR2Ge2ZmOM	2.8863142
jR2GeQZWOM	2.4269414
jR2GgM0KOM	3.0874295
jR2GkYVWOM	4.081741
jR2GnbBQOM	3.4180794
jR2Gy2ZKOM	3.6931083
jR2GyaxQOM	3.417723
jR2GygxNOM	3.3347197
jR2P2lMMoM	3.4505172
jR2P39mKoM	3.659745
jR2P3nPPoM	3.2379959
jR2PD6pKoM	3.3787026
jR2PLXgmoM	3.9662437
jR2PNJkPoM	2.9588108
jR2PNp5ZoM	3.4459743
jR2PNpxmoM	3.0028346
jR2PPMEZoM	2.997426
jR2PZxX8oM	3.4145517
jR2Pdn7ZoM	2.9118037
jR2PdwlQoM	3.1412678
jR2Pk0lZoM	2.5386262
jR2PlzwWoM	3.5474403
jR2Pv7mKoM	3.6803393
jR2PvNlmoM	3.7786968
jR2PvVMMoM	3.6331122
jR2PvWdQoM	3.5897272
jR2PyKyZoM	2.748447
jR2PymJmoM	3.9453917
jR2d2Q8QoM	4.234563
jR2d429NoM	3.287976
jR2d61jnoM	3.3305025
jR2dB99PoM	2.9681275
jR2dKb54oM	3.1813664
jR2dMPp4oM	2.8560321
jR2dQqKmoM	3.4349189
jR2dXj7MoM	4.172928
jR2dXzl8oM	2.7259243
jR2dYvvnoM	3.5085275
jR2djBzMoM	3.659122
jR2djwaMoM	3.6564112
jR2dpWB4oM	2.8587816
jR2dxw9noM	3.446152
jR2dyykMoM	2.5666924
jr5JDz9QRd	3.9830732
jr5JMWNVRd	3.0296133
jr5JP4mlRd	3.312971
jr5JV34kRd	2.413167
jr5JVwNQRd	3.8804927
jr5JZPklRd	3.3239412
jr5JdyeeRd	3.0918207
jr5JkLmnRd	2.9671862
jr5Jny82Rd	1.8642238
jr5Jy5EARd	3.664924
jr5Y17GVrd	3.3273463
jr5Y34Y2rd	2.7626522
jr5YBzv2rd	3.511307
jr5YGAyerd	4.004519
jr5YMDewrd	2.9583626
jr5YMy6krd	2.395905
jr5YPNNArd	3.617564
jr5YX61Qrd	3.7457433
jr5YX7enrd	2.5959036
jr5YaVxwrd	3.4402344
jr5YbpxQrd	3.8295739
jr5YqZlnrd	2.4524508
jr5YqjxLrd	2.3363028
jr5YwKQLrd	2.8321898
jr5Ywk5Vrd	3.7694032
jr5YwkPlrd	3.0124218
jr5YyYv2rd	2.5975401
jr5Yyja2rd	4.459787
jr5Yz1Mkrd	2.9623165
jr5eApVerd	2.8059099
jr5eBLBlrd	3.1746197
jr5eJvvwrd	3.2511256
jr5eP4k2rd	2.3232548
jr5ePL3lrd	3.9872975
jr5eQKyQrd	2.302129
jr5eQN9krd	2.6184208
jr5eVzQlrd	2.9140186
jr5eZEbwrd	1.8300713
jr5ee0bnrd	2.891617
jr5eg2v2rd	2.9819803
jr5evKQnrd	3.4794672
jr5ewvYnrd	3.6259756
jr5exPQlrd	3.3880014
jr5ezQ6Qrd	4.198176
jr5g0vPAOd	3.017647
jr5g7mL9Od	3.6923857
jr5gGPPlOd	3.03456
jr5gQzdwOd	3.3129382
jr5gXNM2Od	3.6813042
jr5gbAJnOd	3.2406533
jr5gbZynOd	1.7321303
jr5gdzJ9Od	2.8343756
jr5ggAk9Od	2.7250488
jr5gn63nOd	3.2881823
jr5gpdKwOd	2.8173625
jr5gqGQ2Od	3.341938
jr5gvpDQOd	3.4475245
jr5gwAN9Od	2.7949917
jr5gwg2wOd	3.6176715
jr5gxBW2Od	2.872778
jr5gzVWwOd	3.6803148
kLob23Y4om	3.514231
kLob39EZrm	3.4500818
kLob498pRm	2.7538033
kLob97xnOm	4.1333504
kLobA05ZOm	2.7624552
kLobAW1gOm	3.267704
kLobAY6pOm	3.5019267
kLobE2nVOm	3.5948634
kLobGDV4rm	4.482666
kLobGXGyrm	3.4970963
kLobKDylrm	2.3993127
kLobKPKgrm	2.2115624
kLobMA2pOm	3.5666723
kLobMANaOm	2.6364954
kLobMeAlOm	2.645272
kLobMg1ZOm	3.5787053
kLobQK77Om	3.5937536
kLobWLZ7rm	3.4308567
kLobWNmarm	3.4842265
kLobYxxpOm	2.7736683
kLobZ9Ypom	3.5552113
kLobd9DZRm	2.6815267
kLobnmBgom	2.674032
kLobxD2lRm	3.4651942
kLobxMAlRm	3.2162066
kOq20xYEoe	2.855913
kOq26pD5oe	3.2850406
kOq2B2Lzoe	3.5410733
kOq2BDM0oe	3.6748977
kOq2Ba84oe	3.2821813
kOq2DbN8oe	3.011825
kOq2J0D5oe	2.9582264
kOq2K2azoe	2.9617076
kOq2MQZ4oe	2.9187517
kOq2NLW1oe	4.051519
kOq2P6egoe	3.4272215
kOq2Pb08oe	3.1874983
kOq2PmXgoe	3.3307962
kOq2V82Eoe	1.8905369
kOq2VJDzoe	3.9404402
kOq2dMe0oe	3.275479
kOq2j7V8oe	2.2503495
kOq2j7pzoe	1.8399726
kOq2j9w3oe	2.4229198
kOq2ldL4oe	3.548143
kOq2p8L3oe	3.7908216
kOq2qPD5oe	3.5136783
kOq2wz53oe	3.300237
kOq2xXY8oe	2.3492577
kOqL23NkRe	2.5842118
kOqL2531Re	3.3222122
kOqL273ERe	3.289332
kOqL2kzgRe	3.3158324
kOqL6KM3Re	3.6926033
kOqL7G65Re	2.6933134
kOqLE30pRe	3.6738834
kOqLLJ65Re	3.6131952
kOqLXdW8Re	3.9215684
kOqLXmApRe	3.6410542
kOqLYDD3Re	2.989106
kOqLYbv1Re	3.0489786
kOqLYly0Re	3.5754628
kOqLZJkERe	4.181729
kOqLZKJ4Re	3.0435517
kOqLZY51Re	3.9499445
kOqLZjjgRe	3.5440788
kOqLZwggRe	2.3951108
kOqLa1mgRe	3.2926674
kOqLd2M5Re	4.2892823
kOqLkGXzRe	3.565655
kOqLlY74Re	3.7953415
kOqLlj11Re	2.7296317
kOqLnBL8Re	3.3805776
kOqLp2G1Re	3.091676
kOqLy463Re	3.3640614
kOqLz0WpRe	3.563953
kOqLz7z1Re	3.1878114
kOqLzDq8Re	3.0109973
kOqa0M35Oe	3.20135
kOqa2bn8Oe	3.4608808
kOqa3yW0Oe	3.0813944
kOqa55NgOe	2.994188
kOqa5xwzOe	3.0164049
kOqa8EL8Oe	3.2343085
kOqaEn0zOe	2.8095396
kOqaP4BgOe	2.6755872
kOqaPBkEOe	3.286546
kOqaVq2zOe	3.143747
kOqaWgl8Oe	3.215853
kOqaZVM1Oe	2.2343178
kOqad550Oe	2.9959989
kOqadDJEOe	3.0272632
kOqadMp4Oe	2.0896397
kOqaeZxkOe	3.6478431
kOqagXmzOe	4.629048
kOqagaBgOe	3.5433667
kOqamexgOe	2.6659315
kOqawdx1Oe	2.659078
kOqaxNd4Oe	2.3953743
kOqayKzzOe	3.3250399
kOqazYX4Oe	2.561836
kOqz3XVzoe	3.0753691
kOqz3xV5oe	3.614416
kOqz41j3oe	3.254063
kOqz4mppoe	4.2839794
kOqz6Ln3oe	3.9766932
kOqz8Wl4oe	3.5171957
kOqz9ZQ1oe	3.4812617
kOqzDw94oe	1.7904011
kOqzJBM1oe	3.409524
kOqzK7xgoe	3.2292945
kOqzLZV0oe	2.646467
kOqzMPyzoe	3.473439
kOqzMkDEoe	3.037342
kOqzNj80oe	3.1348996
kOqzQjNkoe	3.8102865
kOqzYWN5oe	4.2328243
kOqzYg5Eoe	3.2453039
ko339nXAoN	2.9667623
ko33G8PkoN	2.3846183
ko33GLejoN	3.7307515
ko33QjY9oN	3.1781957
ko33kmd9oN	2.930983
ko33l9avoN	2.6002889
ko33vb97oN	2.1357045
ko33y9a4oN	3.9794238
ko33ynZPoN	3.7043712
ko390Y4PRN	2.995224
ko3937M7RN	3.986011
ko394ADaRN	2.854761
ko396bE1RN	3.7512915
ko399DpjRN	2.5778096
ko399jQaRN	4.1182246
ko39BLd9RN	4.002211
ko39DJn4RN	2.6873097
ko39E4B4RN	3.5740137
ko39EwnaRN	2.3610692
ko39JVW9RN	3.1681893
ko39MvJDRN	2.381414
ko39N2a9RN	4.080249
ko39Nv1ARN	3.224578
ko39P6NkRN	3.6693714
ko39PY1aRN	3.741659
ko39Q6B9RN	4.2911835
ko39V9a1RN	3.5780232
ko39WkBvRN	2.3726294
ko39ZDEvRN	2.7211082
ko39aZJjRN	2.323226
ko39eXd4RN	2.6958
ko39jZe7RN	2.9203694
ko39k0j7RN	4.3187437
ko39kvj9RN	2.2871938
ko39l684RN	3.5346768
ko39pQP4RN	2.35434
ko39pVX9RN	3.6528096
ko39ym8jRN	3.7251751
ko3Q1q3PRN	3.1266096
ko3Q3g0vRN	2.703809
ko3Q6KBDRN	3.8166692
ko3Q6xKDRN	2.2945147
ko3Q7Mz9RN	2.312035
ko3Q83nvRN	3.9080942
ko3QK9WvRN	3.682655
ko3QVJZkRN	3.1192904
ko3QVn3jRN	2.5343463
ko3QXKy4RN	3.6509876
ko3QZ93DRN	2.8589356
ko3Qb66ARN	3.6087172
ko3QkzAvRN	2.6836019
ko3Ql2z1RN	3.3617167
ko3QmN3kRN	3.6749852
ko3Qp7GPRN	3.3113809
ko3QqZdjRN	2.6107404
ko3Qvaq7RN	3.921153
ko3Qvqp9RN	3.4964688
ko3Qwwe7RN	2.6167865
ko3Qx1A9RN	3.7368035
ko3g9KgvoN	3.398277
ko3g9WaPoN	3.0197935
ko3g9Yv9oN	3.7771528
ko3gA1XAoN	2.998958
ko3gAEDaoN	2.7220948
ko3gAMX1oN	3.49936
ko3gAzp7oN	3.4411795
ko3gBD0koN	3.482536
ko3gBGl4oN	3.1699848
ko3gBe9PoN	3.6936388
ko3gBvQvoN	2.7388718
ko3gEv4aoN	3.3803117
ko3gGjx1oN	2.914163
ko3gM2zaoN	2.8457484
ko3gMvyPoN	3.5688787
ko3gQ731oN	3.386038
ko3gWB0koN	2.856155
ko3gWzlaoN	2.328392
ko3ga5ekoN	2.8106823
ko3gdMp9oN	2.8234148
ko3gdN6DoN	2.7022045
ko3gdj2joN	3.7124908
ko3gdplvoN	2.8682876
ko3ggL6aoN	3.6401134
ko3ggM8PoN	3.1894248
ko3gkDdvoN	2.2823837
ko3gkV6PoN	4.1520634
ko3gkkjkoN	3.1609666
ko3gkv8aoN	3.12659
ko3gndXAoN	3.0562305
ko3gv5A7oN	3.0229857
laoW2BgXOB	2.6493413
laoW2mKNOB	3.4656255
laoW5YjJRB	3.8565733
laoW6kBjOB	4.6396794
laoW83ZNrB	3.0189104
laoW848MrB	3.280451
laoW9GxXRB	2.9496977
laoWB8mgOB	3.5208445
laoWDkXqrB	3.9096036
laoWG49MoB	2.5809708
laoWG98joB	3.8999033
laoWJL3XOB	1.9767671
laoWJlGMOB	3.1228595
laoWKJmboB	3.4884002
laoWMWe5RB	2.3258016
laoWN8WNOB	2.9042387
laoWP6VJrB	2.9108272
laoWPgqqrB	3.4077463
laoWVmPNOB	3.0635133
laoWYYKbRB	3.006879
laoWavwmRB	2.5576582
laoWg41qoB	2.49058
laoWgykgoB	2.1264038
laoWgyp3oB	3.960164
laoWj0m3OB	3.718034
laoWjWLNOB	4.46933
laoWkV3NoB	4.1053767
laoWpXqjrB	1.8954749
laoWqvWNRB	3.30079
laoWw2VNoB	3.5060856
laoWzGMJOB	3.1102638
laoWzZYXOB	3.581662
laoWzmdmOB	2.657055
laoWzp55OB	3.3495498
laoWzzqXOB	3.1518598
mRX18gBLO3	2.9556482
mRX1BGkzO3	2.850174
mRX1BxjzO3	3.6940114
mRX1DKEzO3	3.1781325
mRX1JaBVO3	3.239236
mRX1MqlVO3	2.9210505
mRX1e2QGO3	4.0377884
mRX1e9xzO3	3.5324194
mRX1lgVVO3	4.0908995
mRX1qPnpO3	3.2938592
mRXJ1mnVo3	3.5507057
mRXJ1pbGo3	2.835518
mRXJ1z6xo3	3.4345129
mRXJ5P7ko3	3.42934
mRXJ5yNlo3	3.4781704
mRXJ6WEZo3	3.8064992
mRXJ7AgVo3	3.0165653
mRXJDPkko3	2.3686583
mRXJQJvVo3	2.871611
mRXJVW6eo3	3.1758902
mRXJWNJZo3	1.8165992
mRXJZaWGo3	3.5545
mRXJbn1ko3	2.7091372
mRXJjEVZo3	3.3036234
mRXJlKWLo3	2.8313618
mRXJpzwzo3	3.2143059
mRXJvpqlo3	3.2734394
mRXK21Kxr3	4.296659
mRXK2LXZr3	3.7349963
mRXK4xQlr3	3.0552485
mRXK7pELr3	2.218153
mRXKAjwzr3	3.2059934
mRXKDGLgr3	3.7025182
mRXKE3EZr3	2.6724927
mRXKGjvzr3	2.2958117
mRXKLv5lr3	3.6686952
mRXKV7Jkr3	3.5890086
mRXKVy7Gr3	3.3711925
mRXKZ7GVr3	3.5491374
mRXKZmVpr3	2.8391802
mRXKk7Egr3	2.9695196
mRXKkB8er3	3.1006231
mRXKmKxgr3	4.1114054
mRXKwY0Lr3	2.6880622
mRXg0eEVr3	2.1861727
mRXg3aVpr3	2.7307558
mRXg5Bqzr3	3.6544924
mRXg8kkGr3	3.0485256
mRXgJ81er3	3.1383204
mRXgMMLkr3	2.7365396
mRXgY5wlr3	3.079075
mRXgea8xr3	2.8632426
mRXgwzNgr3	2.6377409
mYoe2dYbrL	2.7255185
mYoe3KWpRL	3.075466
mYoe4xzeOL	2.9769566
mYoe7wEpRL	2.6015394
mYoeAqALoL	4.0410304
mYoeDpLpOL	3.095279
mYoeJj6XrL	3.8625448
mYoeKMkXRL	3.515579
mYoeM8YEoL	3.6457026
mYoeMMaMoL	3.0018296
mYoePmWLOL	3.4892085
mYoeQv9poL	3.0707057
mYoeVlqqrL	1.9651685
mYoeaqnXoL	3.20879
mYoeeNBLoL	3.817735
mYoemGZeoL	3.7700942
mYoemWGpoL	3.1062918
mYoepLV6OL	3.064761
mYoeqwEoL5	3.686092
mYoexVeXOL	2.7608657
mYoey8KLoL	3.491302
mYoezwmErL	2.824653
qQRMDbyzrY	3.1044188
qQRMJ8zWOY	3.7050788
qQRMMV8YRY	3.064603
qQRMMpvWRY	3.2660444
qQRMV6VpOY	2.7606125
qQRMVlgWOY	3.2026923
qQRMX03YrY	3.6827376
qQRMXagjrY	4.180456
qQRMd06xrY	3.7477674
qQRMjBBYOY	2.3491337
qQRMk6QYoY	2.6478717
qQRMknmpoY	2.3751118
qQRMnx7mOY	2.237876
qQRMpEwprY	3.344031
qQRMpYYmrY	3.8460653
qQRMpZVjrY	3.8879414
qQRMvYGlOY	2.158655
qQRMz2ZNOY	3.9743643
qQRMzN5YOY	2.1610584
v8OQ03q4RJ	2.5077078
v8OQ1km4OJ	3.8946118
v8OQ4LZ4RJ	3.812637
v8OQ84LYRJ	2.726404
v8OQ89JNRJ	3.7842293
v8OQ8b7eRJ	3.9449143
v8OQ9qxpOJ	3.8773932
v8OQAeBQOJ	3.0651245
v8OQXGaBRJ	3.4160283
v8OQexWpOJ	3.1434531
v8OQgbX4rJ	2.935933
v8OQjDLnoJ	3.1319187
v8OQmKVQOJ	2.855165
v8OQpXABRJ	2.7357075
v8OQqBg4OJ	3.1576877
v8OQqVMeOJ	2.724264
v8OQqpDYOJ	4.158964
v8OQzXm4oJ	3.4006476
v8OQzw4WoJ	3.251175
vrm10504r7	2.4686835
vrm12D8ar7	3.5558739
vrm12dGmr7	2.7074866
vrm14nM2r7	3.365299
vrm16y8Lr7	2.560238
vrm185mKr7	2.9243758
vrm1D9bKr7	3.2777271
vrm1Je0Ar7	2.4758265
vrm1KGbKr7	3.298784
vrm1VkNKr7	4.603905
vrm1ZpB2r7	2.450958
vrm1Zzywr7	3.1808405
vrm1avGmr7	3.5342846
vrm1eb14r7	3.2679
vrm1je4jr7	2.5922294
vrm1kgvjr7	3.0175781
vrm1lAeLr7	3.455981
vrmB3AmlR7	3.9667418
vrmB3dlLR7	3.7199256
vrmB4l2PR7	2.9066346
vrmB4lkjR7	2.9955776
vrmB5JG2R7	2.785005
vrmBJ5ElR7	2.4011838
vrmBKDGaR7	2.7649138
vrmBa5xAR7	3.2347996
vrmBaJaaR7	4.198892
vrmBb3WmR7	2.8726876
vrmBeqwLR7	2.872108
vrmBgJ4KR7	3.9665074
vrmBnbelR7	2.9413483
vrmBpxM2R7	3.043874
vrmBqj1PR7	2.7701218
vrmBqyywR7	2.5452898
vrmBvlnPR7	3.5958812
vrmBx6EKR7	2.247885
vrmByKq4R7	3.6469579
vrmByYYjR7	2.7849
vrmByk6mR7	3.2450674
vrma1qXwr7	2.8819537
vrma21war7	3.4237123
vrma260Pr7	3.1586363
vrmaA2DKr7	2.6436148
vrmaB0NPr7	2.834414
vrmaBBVlr7	3.4765975
vrmaKGvwr7	3.029731
vrmaKJWAr7	3.1492913
vrmaMzeLr7	3.9613705
vrmaV78Kr7	2.754545
vrmaVWEar7	3.5333552
vrmaZPZLr7	2.4695542
vrmaaBejr7	3.6374798
vrmaaVY4r7	2.9604495
vrmavd22r7	1.6623566
vrmavmx4r7	3.330974
vrmaweZKr7	3.512043
vrmawwdar7	3.146857
vrmaxLZar7	2.1345468
vrmaxpMlr7	2.7836826
vrmaxqKPr7	2.9289436
vrmaz5A2r7	2.7847266
vrmazM14r7	2.4798353
vrmazjblr7	2.3028626
vrmz0K5AR7	2.5340707
vrmz3p4PR7	3.736151
vrmz4VplR7	3.4582908
vrmz599PR7	2.9976282
vrmz5J6PR7	3.6133907
vrmz68LAR7	3.1545727
vrmzAbwAR7	1.4870071
vrmzEEAaR7	3.1843302
vrmzEXyPR7	3.2037263
vrmzGDdmR7	4.301233
vrmzNQgwR7	3.4822311
vrmzNaj4R7	3.6311507
vrmzWQXPR7	2.9035425
vrmzWbjPR7	3.7841136
vrmzeNljR7	2.8412313
vrmzl2MPR7	4.7846932
vrmzlNgjR7	2.7869825
vrmznkg4R7	3.7182918
vrmzxwVlR7	2.1470144
vrmzyjGmR7	3.682765
vrmzywjPR7	3.3484216
wjR20x5PoM	3.9113514
wjR213pQrM	3.8615973
wjR21k5nrM	2.9235897
wjR25JwWrM	2.9278712
wjR27DxnOM	3.2499282
wjR29MpQrM	4.0292926
wjR2APPQrM	3.0189629
wjR2BLAKRM	3.374198
wjR2GJXMOM	2.5029416
wjR2GqJZOM	2.1290529
wjR2M79NrM	3.4555576
wjR2N8jPRM	3.6557698
wjR2NLe8RM	2.8570697
wjR2NmeQRM	2.4289165
wjR2VBAmRM	3.3346918
wjR2WadPOM	3.7532372
wjR2XAqKoM	2.8697834
wjR2Z5MNRM	3.3310142
wjR2ZDWPRM	3.305308
wjR2ZWJ4RM	3.4671943
wjR2ZXJPRM	1.8617574
wjR2dZMnoM	2.5900862
wjR2eAyZrM	3.6141772
wjR2jBwKRM	3.2127774
wjR2k36KOM	2.4833956
wjR2nEBNRM	3.296906
wjR2nVkKRM	3.279621
wjR2vKP8RM	2.690661
wjR2vQMQRM	2.929699
wjR2yYp4rM	3.7286603
xoJW3B2mrQ	2.9771817
xoJW5Jx9rQ	2.6482468
xoJWDkkZrQ	3.236604
xoJWLDjGrQ	2.1600263
xoJWLKYwrQ	3.6456368
xoJWLqVDrQ	3.5367794
xoJWNJWGrQ	2.873549
xoJWNVBprQ	2.7504091
xoJWPpQZrQ	4.33801
xoJWZE8DrQ	3.590552
xoJWZPQGrQ	2.9137719
xoJWZVgGrQ	2.42984
xoJWZb72rQ	3.7869277
xoJWd7yDrQ	3.543678
xoJWdgWZrQ	4.231348
xoJWgBL9rQ	2.6829538
xoJWk2lDrQ	3.6607404
xoJWm6KmrQ	2.480247
xoJWmjqwrQ	2.0966039
xoJWnpVZrQ	2.2979822
xoJWwBJDrQ	3.870842
xoJWwGeZrQ	3.0363927
xoJk3VVGrQ	3.3831127
xoJk3b51rQ	4.4678583
xoJk5GgDrQ	2.3950574
xoJkB7g1rQ	1.9969294
xoJkLYpmrQ	4.2150664
xoJkMYLJrQ	3.5612078
xoJkNLJ9rQ	3.3729055
xoJkWppDrQ	2.9957035
xoJkgxDprQ	2.8161418
xoJkl4BGrQ	3.161849
xoJkl9EDrQ	3.6899698
xoJklggDrQ	2.6008894
xoJklz20rQ	3.6818619
xoJkp4wGrQ	3.1656988
xoJp4q71RQ	3.4508846
xoJp4zp9RQ	3.5929947
xoJp6VzpRQ	3.149617
xoJp6gX1RQ	3.4726276
xoJp8lXDRQ	4.2974377
xoJpAKM9RQ	3.2113361
xoJpEpvZRQ	3.6909726
xoJpGygJRQ	3.2012694
xoJpJ4WGRQ	3.0380723
xoJpQj7JRQ	4.2268925
xoJpWeM1RQ	3.1612895
xoJpY5j0RQ	2.6504464
xoJpdWEZRQ	3.7238736
xoJpmdMDRQ	3.4584832
xoJppgqJRQ	3.1190982
xoJpvN3JRQ	3.0717115
xoJpxGP9RQ	3.544928
xoJx0pPZRQ	3.190188
xoJx1wp1RQ	3.7166803
xoJx2yMGRQ	2.7997055
xoJx6l79RQ	2.815733
xoJx763ZRQ	2.864284
xoJx7aE0RQ	2.8897264
xoJx7kPpRQ	2.655863
xoJx8Yq9RQ	2.5158105
xoJx9nmmRQ	2.4006853
xoJxAyVDRQ	3.50816
xoJxDn0ZRQ	4.1752234
xoJxGy6wRQ	2.047369
xoJxM7BJRQ	3.3114393
xoJxPZL1RQ	3.391648
xoJxQ7VwRQ	3.236309
xoJxVk71RQ	3.4746988
xoJxX7KJRQ	3.7100763
xoJxXXNwRQ	2.2090664
xoJxYMP2RQ	2.4517581
xoJxaneJRQ	3.8175557
xoJxglj0RQ	2.3847756
xoJxka0wRQ	3.3017354
xoJxlKWDRQ	2.8947845
xoJxmKE0RQ	3.2029235
xoJxnGE9RQ	3.0040405
xoJxnQqwRQ	3.435452
xoJxnX9GRQ	3.1981878
xoJxp0e1RQ	2.9888737
xoJxqdbZRQ	4.6545415
xoJxvX1DRQ	2.629014
xoJxxENDRQ	2.8855627
xoJxxnYDRQ	3.4013364
y8Rk0a16Oj	4.031989
y8Rk4aJwOj	3.3436196
y8Rk64Nnrj	3.6226954
y8Rk65ylrj	2.7937257
y8Rk6d56rj	3.166797
y8Rk86p6Oj	1.9549358
y8Rk8aXlOj	3.126055
y8Rk8zKwOj	3.31959
y8RkDpJnOj	3.1517572
y8RkKAw6Rj	2.4442918
y8RkKEWwRj	2.7324257
y8RkMNq6oj	3.37723
y8RkMm5ojz	3.6890893
y8RkPAl0Oj	2.7523937
y8RkV008rj	3.2589705
y8RkWWnRjz	2.9651978
y8RkXvW6Oj	3.0284402
y8RkaDwwoj	3.4589849
y8RkaJd6oj	3.3934653
y8RkaNDnoj	3.6374626
y8RkjXq8rj	3.2933028
y8RknWb6rj	3.4724398
y8RkqBL2oj	2.7130284
y8RkvbQlrj	3.1445136
y8Rkx5G2Oj	3.5301566
y8RkyB88oj	2.3005238
yRL805zZR2	3.7214937
yRL80p4mR2	3.8623586
yRL86NLQR2	2.8222892
yRL87ZpQR2	3.4143014
yRL88jjPR2	3.487042
yRL8KlBmR2	2.8001087
yRL8MelYR2	3.620974
yRL8MpymR2	3.5089602
yRL8P7qGR2	3.5121984
yRL8WwLQR2	3.1726358
yRL8eZzYR2	2.6040368
yRL8lMJqR2	2.7702122
yRL8llYKR2	3.0006452
yRL8yE7KR2	2.923885
yRL8yNaYR2	2.5057206
yRL8z0AGR2	3.5212896
yRLV240Yo2	3.6602304
yRLV39Gmo2	4.1125617
yRLV42G2o2	3.8454416
yRLV4Y8mo2	2.7899947
yRLV6LzGo2	4.095918
yRLV7B8Yo2	2.8963995
yRLV7DgYo2	2.8479714
yRLVGJdqo2	4.15246
yRLVK87mo2	3.8923733
yRLVL3n2o2	3.4278789
yRLVPblyo2	1.7716779
yRLVQ9bGo2	2.4456546
yRLVZYnyo2	3.0261445
yRLVdaZKo2	2.4620988
yRLVdekqo2	3.6497784
yRLVdqQGo2	2.5626092
yRLVggPKo2	3.3040323
yRLVqZyqo2	3.5386257
yRLVvN1Yo2	3.0217826
yRLVxaZZo2	3.1333363
yRLVyDKqo2	4.043057
yRLVzdVQo2	3.1096966
yRLVzqV2o2	2.910197
yRLe1a92O2	3.7724574
yRLe2XbqO2	3.124873
yRLe6YJLO2	2.3132632
yRLe7amKO2	2.8810904
yRLe8mYKO2	3.4959357
yRLeAj1PO2	2.8958771
yRLeAj9LO2	2.6649642
yRLeDK1mO2	2.4800632
yRLeE8pGO2	3.1458871
yRLeKgJqO2	2.977122
yRLeLEY2O2	3.5868175
yRLeLmemO2	3.86486
yRLeNdwKO2	4.3121605
yRLePd9QO2	4.190873
yRLePjlYO2	3.4069464
yRLeZ76GO2	3.3987644
yRLejNKYO2	2.838185
yRLelDlZO2	2.9083185
yRLepl1QO2	3.4430814
yRLeppMqO2	2.4573078
yRLeyGNmO2	3.215717
yRLeylxGO2	3.319415
yRLy2a72O2	3.4008434
yRLy9dAmO2	3.5078912
yRLyBJGYO2	3.109197
yRLyDQYLO2	3.703642
yRLyDYWmO2	3.4198344
yRLyE01KO2	3.248875
yRLyX6xZO2	3.4239593
yRLyY8GKO2	3.095204
yRLyYBvGO2	2.9086893
yRLyZqjQO2	2.942442
yRLyeJ9yO2	2.2620347
yRLypqL2O2	3.2015417
yRLyqbBmO2	3.5088747
yRLywq3PO2	3.2576585
yRLyyJ3GO2	2.7661364
yRLyyeaLO2	3.1681504
yRLyym5mO2	2.4886506
yRLyz8zqO2	4.2546988
yrvB2G3Ern	4.026147
yrvB705wrn	2.5387743
yrvB8ynprn	2.7134514
yrvBKn2qrn	3.8836868
yrvBLLE0rn	3.258508
yrvBYYAern	2.6407225
yrvBZKm9rn	3.2347767
yrvBZXBmrn	2.6685607
yrvBZXQmrn	2.2931008
yrvBZxAdrn	4.0515842
yrvBp6Vmrn	4.1902003
yrvBp7a0rn	2.5045946
yrvByyJ9rn	3.5405085
yrvBzvGprn	4.1111813
yrvBzy89rn	3.3095684
yrvM1VDeon	2.6404357
yrvMM8P9on	3.731249
yrvMME6Eon	3.606761
yrvMNnwnon	3.3569653
yrvMPZB9on	3.464944
yrvMXX30on	3.3816385
yrvMXgw9on	2.8033795
yrvMl05Eon	3.847831
yrvMzM9qon	3.1469343
yrvMzmdeon	3.433372
yrvMzyppon	2.7950366
yrva0mgwon	3.4194133
yrvaQ5lEon	3.2778597
yrvaY1bqon	3.6809847
yrvaaNeeon	2.566743
yrvakdkeon	3.0135803
yrvawGL0on	3.0320315
yrvawlAnon	3.1464744
yrvd0pxnOn	3.8302584
yrvd1zQ9On	3.387833
yrvd3P0KOn	2.3888922
yrvd4ZwnOn	4.5877748
yrvd5KJqOn	3.0094225
yrvd8YmwOn	2.8911223
yrvd9Xv0On	3.434106
yrvdDebmOn	3.5844235
yrvdG3m0On	4.1491933
yrvdLG3nOn	2.6994586
yrvdLawpOn	3.77619
yrvdW1E0On	2.5047033
yrvdZpYeOn	3.7073078
yrvdax29On	3.8106256
yrvdd0MmOn	2.6715248
yrvdeKMmOn	3.7670054
yrvdkDpEOn	2.3818533
yrvdkExdOn	2.137426
yrvdkbDmOn	2.8856015
yrvdlpleOn	3.4752746
yrvdpZQdOn	4.227001
yrvdxpGKOn	2.2028408
zoV102qdOJ	2.5910976
zoV11YwDOJ	3.1466727
zoV12XLqOJ	3.5610843
zoV12eg6OJ	4.6015353
zoV15XpqOJ	2.9746413
zoV16AyzOJ	2.3436203
zoV17KZ8OJ	2.3227932
zoV1AkJnOJ	3.907592
zoV1N5XnOJ	3.320843
zoV1NpMnOJ	3.4619136
zoV1Q7PpOJ	3.3596292
zoV1QJPzOJ	3.666242
zoV1QqzGOJ	3.811292
zoV1ng18OJ	3.7123957
zoV1yLn6OJ	2.6383436
zoV1zZKdOJ	2.5186672
zoVP04KqRJ	3.0937634
zoVP0dlzRJ	2.2617853
zoVP0wW6RJ	3.1446917
zoVP3XwpRJ	2.0239246
zoVP3enGRJ	2.5055912
zoVP45wzRJ	3.5425563
zoVP9Y5qRJ	3.1871462
zoVP9j6GRJ	2.1870284
zoVPK5A8RJ	2.9784544
zoVPNMwZRJ	3.138125
zoVPV7jGRJ	4.0147305
zoVPVp66RJ	3.460645
zoVPgLJDRJ	2.744218
zoVPm9XDRJ	3.7145567
zoVPq1jBRJ	2.7043164
zoVPwdxDRJ	3.263546
zoVPxApBRJ	3.0684285
zoVPzwVqRJ	3.164843
zoVd0PAdRJ	3.9697816
zoVd0XGdRJ	3.489006
zoVd2ndzRJ	2.5948102
zoVd5QGZRJ	3.8811474
zoVd905GRJ	3.5192382
zoVdBPvzRJ	2.2371995
zoVdBYBBRJ	2.8048913
zoVdE6B8RJ	2.962187
zoVdKjxnRJ	2.6467478
zoVdLkqdRJ	4.065185
zoVdQgNDRJ	2.4089332
zoVddP5pRJ	2.9841666
zoVdqY2GRJ	2.7374885
zoVdxBGZRJ	2.8722928
zoVy2p3dOJ	3.3050494
zoVy6X8DOJ	2.4534996
zoVy91jnOJ	3.8141189
zoVyAQWnOJ	3.291132
zoVyDeZqOJ	2.2247183
zoVyNEadOJ	2.6405008
zoVyV79DOJ	2.9958444
zoVyVqqGOJ	3.260263
zoVyY6VBOJ	3.1581101
zoVyq59ZOJ	2.6361613
zoVyqKmGOJ	2.742145
zoVyqjazOJ	3.0516832
zoVyvZQ6OJ	3.4299202
zoVywLJBOJ	4.8687253
zoVyx2gZOJ	3.2257712
zoVyz3B6OJ	3.8418207
zr8329wqom	2.3010015
zr832Dzlom	2.8788874
zr833EPlom	3.52926
zr835eKaom	4.260324
zr837JLlom	3.0389292
zr83ANQ3om	2.1990795
zr83DYE1om	2.62319
zr83DwLvom	2.2730556
zr83EGjlom	2.2448575
zr83GYJqom	2.7297819
zr83KQ7vom	2.7614517
zr83KlV1om	3.3957713
zr83M4p3om	3.0682237
zr83MwJaom	3.618235
zr83V1L7om	3.6994834
zr83aAblom	2.3089135
zr83jZW1om	2.989318
zr83jw72om	3.5964806
zr83lGqlom	3.3596964
zr83lN8aom	3.8104548
zr83mv9aom	2.4076395
zr83p6d1om	3.0728688
zr83qmmlom	4.4106274
zr83xZdqom	2.7515945
zr83z2e6om	3.5862906
zr83zp17om	3.5645907
zr882pZ6rm	2.7650855
zr8832marm	3.220255
zr8837B1rm	2.4504259
zr883BJlrm	2.9011474
zr883Bnqrm	2.6906023
zr883Dllrm	2.712714
zr883Vz1rm	2.838482
zr888pKqrm	2.7620401
zr8892Jvrm	2.2958522
zr889zQjrm	3.0586023
zr88Emp2rm	2.8014858
zr88MKkqrm	2.3714983
zr88Mvnarm	4.1402016
zr88Q4N7rm	2.5264337
zr88VBbarm	3.1644514
zr88VMJ6rm	4.4162936
zr88VWJ2rm	4.235307
zr88YDmvrm	2.9961035
zr88Ygplrm	2.7201455
zr88ZDg1rm	2.3364983
zr88Znjqrm	3.458733
zr88qwQzrm	3.921597
zr88v0p7rm	2.8680909
zr88v5W1rm	2.4572048
zr88vbV2rm	3.157015
zr88vm03rm	2.1670365
zr88x92vrm	2.7261047
zr8G0bklom	2.858914
zr8G0d82om	4.020029
zr8G3nVvom	3.3159103
zr8G4VDjom	3.0866966
zr8G6p56om	4.0807676
zr8G8a53om	2.7078226
zr8G9wglom	2.5647156
zr8GGnevom	3.210342
zr8GLDB7om	2.5366979
zr8GMYP3om	3.2027833
zr8GP2Yaom	3.2841442
zr8GPW2zom	3.9942043
zr8GPev6om	3.2744958
zr8GVqwaom	2.3199613
zr8GX9mlom	2.745525
zr8GZ0l3om	2.7553563
zr8GbQezom	3.0417542
zr8GdMk6om	2.362889
zr8Ge2Eaom	3.4714494
zr8GeLyvom	3.1087687
zr8GejAjom	3.1511273
zr8Gew93om	2.374606
zr8GkMD1om	2.831871
zr8Glzgzom	3.1063576
zr8GmqLaom	3.6182122
zr8Gxdylom	3.51322
zr8Gxyg7om	3.3925006
zr8Gy9Vzom	3.3340034
zr8GzjV2om	2.9603748
zr8w25qjom	4.0158973
zr8w2ZP3om	3.7712538
zr8w317lom	3.8519943
zr8w33Jzom	4.0064573
zr8w344qom	3.1651456
zr8w3mx3om	3.072934
zr8w4x3jom	4.2071576
zr8w56Nzom	3.4080224
zr8w7EXaom	1.8458093
zr8wBq4aom	4.115839
zr8wEe7lom	3.2839077
zr8wGEpaom	2.6898665
zr8wKQ22om	2.9109612
zr8wMn1qom	2.6497006
zr8wN6Yjom	4.0438075
zr8wPpwjom	2.128971
zr8wXz4aom	3.7951722
zr8wY6E1om	2.7383916
zr8waa81om	3.1231275
zr8weJkzom	3.7909863
zr8weM1qom	2.737742
zr8wjpLaom	3.853096
zr8wkAJ6om	3.7481475
zr8wkAklom	4.388606
zr8wvw8zom	3.3574653
zr8wz4E1om	2.3022058
